Date,SiteID,value
2019-08-15,RCC,0.0
2019-08-15,SID,0.0
2019-08-15,BWCC,0.0
2019-08-15,AFRD2,0.0
2019-08-15,TFCC,0.0
2019-08-15,SWID,0.0
2019-08-15,NSCC,0.0
2019-08-16,RCC,0.0
2019-08-16,SID,0.0
2019-08-16,BWCC,0.0
2019-08-16,AFRD2,0.0
2019-08-16,TFCC,0.0
2019-08-16,SWID,0.0
2019-08-16,NSCC,0.0
2019-08-17,RCC,0.0
2019-08-17,SID,0.0
2019-08-17,BWCC,0.0
2019-08-17,AFRD2,0.0
2019-08-17,TFCC,0.0
2019-08-17,SWID,0.0
2019-08-17,NSCC,0.0
2019-08-18,RCC,0.0
2019-08-18,SID,0.0
2019-08-18,BWCC,0.0
2019-08-18,AFRD2,0.0
2019-08-18,TFCC,0.0
2019-08-18,SWID,0.0
2019-08-18,NSCC,0.0
2019-08-19,RCC,0.0
2019-08-19,SID,0.0
2019-08-19,BWCC,0.0
2019-08-19,AFRD2,0.0
2019-08-19,TFCC,0.0
2019-08-19,SWID,0.0
2019-08-19,NSCC,0.0
2019-08-20,RCC,0.0
2019-08-20,SID,0.0
2019-08-20,BWCC,0.0
2019-08-20,AFRD2,0.0
2019-08-20,TFCC,0.0
2019-08-20,SWID,0.0
2019-08-20,NSCC,0.0
2019-08-21,RCC,0.0
2019-08-21,SID,0.0
2019-08-21,BWCC,0.0
2019-08-21,AFRD2,0.0
2019-08-21,TFCC,0.0
2019-08-21,SWID,0.0
2019-08-21,NSCC,0.0
2019-08-22,RCC,0.0
2019-08-22,SID,0.0
2019-08-22,BWCC,0.0
2019-08-22,AFRD2,0.0
2019-08-22,TFCC,0.0
2019-08-22,SWID,0.0
2019-08-22,NSCC,0.0
2019-08-23,RCC,0.0
2019-08-23,SID,0.0
2019-08-23,BWCC,0.0
2019-08-23,AFRD2,0.0
2019-08-23,TFCC,0.0
2019-08-23,SWID,0.0
2019-08-23,NSCC,0.0
2019-08-24,RCC,0.0
2019-08-24,SID,0.0
2019-08-24,BWCC,0.0
2019-08-24,AFRD2,0.0
2019-08-24,TFCC,0.0
2019-08-24,SWID,0.0
2019-08-24,NSCC,0.0
2019-08-25,RCC,0.0
2019-08-25,SID,0.0
2019-08-25,BWCC,0.0
2019-08-25,AFRD2,0.0
2019-08-25,TFCC,0.0
2019-08-25,SWID,0.0
2019-08-25,NSCC,0.0
2019-08-26,RCC,0.0
2019-08-26,SID,0.0
2019-08-26,BWCC,0.0
2019-08-26,AFRD2,0.0
2019-08-26,TFCC,0.0
2019-08-26,SWID,0.0
2019-08-26,NSCC,0.0
2019-08-27,RCC,0.0
2019-08-27,SID,0.0
2019-08-27,BWCC,0.0
2019-08-27,AFRD2,0.0
2019-08-27,TFCC,0.0
2019-08-27,SWID,0.0
2019-08-27,NSCC,0.0
2019-08-28,RCC,0.0
2019-08-28,SID,0.0
2019-08-28,BWCC,0.0
2019-08-28,AFRD2,0.0
2019-08-28,TFCC,0.0
2019-08-28,SWID,0.0
2019-08-28,NSCC,0.0
2019-08-29,RCC,0.0
2019-08-29,SID,0.0
2019-08-29,BWCC,0.0
2019-08-29,AFRD2,0.0
2019-08-29,TFCC,0.0
2019-08-29,SWID,0.0
2019-08-29,NSCC,0.0
2019-08-30,RCC,0.0
2019-08-30,SID,0.0
2019-08-30,BWCC,0.0
2019-08-30,AFRD2,0.0
2019-08-30,TFCC,0.0
2019-08-30,SWID,0.0
2019-08-30,NSCC,0.0
2019-08-31,RCC,0.0
2019-08-31,SID,0.0
2019-08-31,BWCC,0.0
2019-08-31,AFRD2,0.0
2019-08-31,TFCC,0.0
2019-08-31,SWID,0.0
2019-08-31,NSCC,0.0
2019-09-01,RCC,0.0
2019-09-01,SID,0.0
2019-09-01,BWCC,0.0
2019-09-01,AFRD2,0.0
2019-09-01,TFCC,0.0
2019-09-01,SWID,0.0
2019-09-01,NSCC,0.0
2019-09-02,RCC,0.0
2019-09-02,SID,0.0
2019-09-02,BWCC,0.0
2019-09-02,AFRD2,0.0
2019-09-02,TFCC,0.0
2019-09-02,SWID,0.0
2019-09-02,NSCC,0.0
2019-09-03,RCC,0.0
2019-09-03,SID,0.0
2019-09-03,BWCC,0.0
2019-09-03,AFRD2,0.0
2019-09-03,TFCC,0.0
2019-09-03,SWID,0.0
2019-09-03,NSCC,0.0
2019-09-04,RCC,0.0
2019-09-04,SID,0.0
2019-09-04,BWCC,0.0
2019-09-04,AFRD2,0.0
2019-09-04,TFCC,0.0
2019-09-04,SWID,0.0
2019-09-04,NSCC,0.0
2019-09-05,RCC,0.0
2019-09-05,SID,0.0
2019-09-05,BWCC,0.0
2019-09-05,AFRD2,0.0
2019-09-05,TFCC,0.0
2019-09-05,SWID,0.0
2019-09-05,NSCC,0.0
2019-09-06,RCC,0.0
2019-09-06,SID,0.0
2019-09-06,BWCC,0.0
2019-09-06,AFRD2,0.0
2019-09-06,TFCC,0.0
2019-09-06,SWID,0.0
2019-09-06,NSCC,0.0
2019-09-07,RCC,0.0
2019-09-07,SID,0.0
2019-09-07,BWCC,0.0
2019-09-07,AFRD2,0.0
2019-09-07,TFCC,0.0
2019-09-07,SWID,0.0
2019-09-07,NSCC,0.0
2019-09-08,RCC,0.0
2019-09-08,SID,0.0
2019-09-08,BWCC,0.0
2019-09-08,AFRD2,0.0
2019-09-08,TFCC,0.0
2019-09-08,SWID,0.0
2019-09-08,NSCC,0.0
2019-09-09,RCC,0.0
2019-09-09,SID,0.0
2019-09-09,BWCC,0.0
2019-09-09,AFRD2,0.0
2019-09-09,TFCC,0.0
2019-09-09,SWID,0.0
2019-09-09,NSCC,0.0
2019-09-10,RCC,0.0
2019-09-10,SID,0.0
2019-09-10,BWCC,0.0
2019-09-10,AFRD2,0.0
2019-09-10,TFCC,0.0
2019-09-10,SWID,0.0
2019-09-10,NSCC,0.0
2019-09-11,RCC,0.0
2019-09-11,SID,0.0
2019-09-11,BWCC,0.0
2019-09-11,AFRD2,0.0
2019-09-11,TFCC,0.0
2019-09-11,SWID,0.0
2019-09-11,NSCC,0.0
2019-09-12,RCC,0.0
2019-09-12,SID,0.0
2019-09-12,BWCC,0.0
2019-09-12,AFRD2,0.0
2019-09-12,TFCC,0.0
2019-09-12,SWID,0.0
2019-09-12,NSCC,0.0
2019-09-13,RCC,0.0
2019-09-13,SID,0.0
2019-09-13,BWCC,0.0
2019-09-13,AFRD2,0.0
2019-09-13,TFCC,0.0
2019-09-13,SWID,0.0
2019-09-13,NSCC,0.0
2019-09-14,RCC,0.0
2019-09-14,SID,0.0
2019-09-14,BWCC,0.0
2019-09-14,AFRD2,0.0
2019-09-14,TFCC,0.0
2019-09-14,SWID,0.0
2019-09-14,NSCC,0.0
2019-09-15,RCC,0.0
2019-09-15,SID,0.0
2019-09-15,BWCC,0.0
2019-09-15,AFRD2,0.0
2019-09-15,TFCC,0.0
2019-09-15,SWID,0.0
2019-09-15,NSCC,0.0
2019-09-16,RCC,0.0
2019-09-16,SID,0.0
2019-09-16,BWCC,0.0
2019-09-16,AFRD2,0.0
2019-09-16,TFCC,0.0
2019-09-16,SWID,0.0
2019-09-16,NSCC,0.0
2019-09-17,RCC,0.0
2019-09-17,SID,0.0
2019-09-17,BWCC,0.0
2019-09-17,AFRD2,0.0
2019-09-17,TFCC,0.0
2019-09-17,SWID,0.0
2019-09-17,NSCC,0.0
2019-09-18,RCC,0.0
2019-09-18,SID,0.0
2019-09-18,BWCC,0.0
2019-09-18,AFRD2,0.0
2019-09-18,TFCC,0.0
2019-09-18,SWID,0.0
2019-09-18,NSCC,0.0
2019-09-19,RCC,0.0
2019-09-19,SID,0.0
2019-09-19,BWCC,0.0
2019-09-19,AFRD2,0.0
2019-09-19,TFCC,0.0
2019-09-19,SWID,0.0
2019-09-19,NSCC,0.0
2019-09-20,RCC,0.0
2019-09-20,SID,0.0
2019-09-20,BWCC,0.0
2019-09-20,AFRD2,0.0
2019-09-20,TFCC,0.0
2019-09-20,SWID,0.0
2019-09-20,NSCC,0.0
2019-09-21,RCC,0.0
2019-09-21,SID,0.0
2019-09-21,BWCC,0.0
2019-09-21,AFRD2,0.0
2019-09-21,TFCC,0.0
2019-09-21,SWID,0.0
2019-09-21,NSCC,0.0
2019-09-22,RCC,0.0
2019-09-22,SID,0.0
2019-09-22,BWCC,0.0
2019-09-22,AFRD2,0.0
2019-09-22,TFCC,0.0
2019-09-22,SWID,0.0
2019-09-22,NSCC,0.0
2019-09-23,RCC,0.0
2019-09-23,SID,0.0
2019-09-23,BWCC,0.0
2019-09-23,AFRD2,0.0
2019-09-23,TFCC,0.0
2019-09-23,SWID,0.0
2019-09-23,NSCC,0.0
2019-09-24,RCC,0.0
2019-09-24,SID,0.0
2019-09-24,BWCC,0.0
2019-09-24,AFRD2,0.0
2019-09-24,TFCC,0.0
2019-09-24,SWID,0.0
2019-09-24,NSCC,0.0
2019-09-25,RCC,0.0
2019-09-25,SID,0.0
2019-09-25,BWCC,0.0
2019-09-25,AFRD2,0.0
2019-09-25,TFCC,0.0
2019-09-25,SWID,0.0
2019-09-25,NSCC,0.0
2019-09-26,RCC,0.0
2019-09-26,SID,0.0
2019-09-26,BWCC,0.0
2019-09-26,AFRD2,0.0
2019-09-26,TFCC,0.0
2019-09-26,SWID,0.0
2019-09-26,NSCC,0.0
2019-09-27,RCC,0.0
2019-09-27,SID,0.0
2019-09-27,BWCC,0.0
2019-09-27,AFRD2,0.0
2019-09-27,TFCC,0.0
2019-09-27,SWID,0.0
2019-09-27,NSCC,0.0
2019-09-28,RCC,0.0
2019-09-28,SID,0.0
2019-09-28,BWCC,0.0
2019-09-28,AFRD2,0.0
2019-09-28,TFCC,0.0
2019-09-28,SWID,0.0
2019-09-28,NSCC,0.0
2019-09-29,RCC,0.0
2019-09-29,SID,0.0
2019-09-29,BWCC,0.0
2019-09-29,AFRD2,0.0
2019-09-29,TFCC,0.0
2019-09-29,SWID,0.0
2019-09-29,NSCC,0.0
2019-09-30,RCC,0.0
2019-09-30,SID,0.0
2019-09-30,BWCC,0.0
2019-09-30,AFRD2,0.0
2019-09-30,TFCC,0.0
2019-09-30,SWID,0.0
2019-09-30,NSCC,0.0
2019-10-01,RCC,0.0
2019-10-01,SID,0.0
2019-10-01,BWCC,0.0
2019-10-01,AFRD2,0.0
2019-10-01,TFCC,0.0
2019-10-01,SWID,0.0
2019-10-01,NSCC,0.0
2019-10-02,RCC,0.0
2019-10-02,SID,0.0
2019-10-02,BWCC,0.0
2019-10-02,AFRD2,0.0
2019-10-02,TFCC,0.0
2019-10-02,SWID,0.0
2019-10-02,NSCC,0.0
2019-10-03,RCC,0.0
2019-10-03,SID,0.0
2019-10-03,BWCC,0.0
2019-10-03,AFRD2,0.0
2019-10-03,TFCC,0.0
2019-10-03,SWID,0.0
2019-10-03,NSCC,0.0
2019-10-04,RCC,0.0
2019-10-04,SID,0.0
2019-10-04,BWCC,0.0
2019-10-04,AFRD2,0.0
2019-10-04,TFCC,0.0
2019-10-04,SWID,0.0
2019-10-04,NSCC,0.0
2019-10-05,RCC,0.0
2019-10-05,SID,0.0
2019-10-05,BWCC,0.0
2019-10-05,AFRD2,0.0
2019-10-05,TFCC,0.0
2019-10-05,SWID,0.0
2019-10-05,NSCC,0.0
2019-10-06,RCC,0.0
2019-10-06,SID,0.0
2019-10-06,BWCC,0.0
2019-10-06,AFRD2,0.0
2019-10-06,TFCC,0.0
2019-10-06,SWID,0.0
2019-10-06,NSCC,0.0
2019-10-07,RCC,0.0
2019-10-07,SID,0.0
2019-10-07,BWCC,0.0
2019-10-07,AFRD2,0.0
2019-10-07,TFCC,0.0
2019-10-07,SWID,0.0
2019-10-07,NSCC,0.0
2019-10-08,RCC,0.0
2019-10-08,SID,0.0
2019-10-08,BWCC,0.0
2019-10-08,AFRD2,0.0
2019-10-08,TFCC,0.0
2019-10-08,SWID,0.0
2019-10-08,NSCC,0.0
2019-10-09,RCC,0.0
2019-10-09,SID,0.0
2019-10-09,BWCC,0.0
2019-10-09,AFRD2,0.0
2019-10-09,TFCC,0.0
2019-10-09,SWID,0.0
2019-10-09,NSCC,0.0
2019-10-10,RCC,0.0
2019-10-10,SID,0.0
2019-10-10,BWCC,0.0
2019-10-10,AFRD2,0.0
2019-10-10,TFCC,0.0
2019-10-10,SWID,0.0
2019-10-10,NSCC,0.0
2019-10-11,RCC,0.0
2019-10-11,SID,0.0
2019-10-11,BWCC,0.0
2019-10-11,AFRD2,0.0
2019-10-11,TFCC,0.0
2019-10-11,SWID,0.0
2019-10-11,NSCC,0.0
2019-10-12,RCC,0.0
2019-10-12,SID,0.0
2019-10-12,BWCC,0.0
2019-10-12,AFRD2,0.0
2019-10-12,TFCC,0.0
2019-10-12,SWID,0.0
2019-10-12,NSCC,0.0
2019-10-13,RCC,0.0
2019-10-13,SID,0.0
2019-10-13,BWCC,0.0
2019-10-13,AFRD2,0.0
2019-10-13,TFCC,0.0
2019-10-13,SWID,0.0
2019-10-13,NSCC,0.0
2019-10-14,RCC,0.0
2019-10-14,SID,0.0
2019-10-14,BWCC,0.0
2019-10-14,AFRD2,0.0
2019-10-14,TFCC,0.0
2019-10-14,SWID,0.0
2019-10-14,NSCC,0.0
2019-10-15,RCC,0.0
2019-10-15,SID,0.0
2019-10-15,BWCC,0.0
2019-10-15,AFRD2,0.0
2019-10-15,TFCC,0.0
2019-10-15,SWID,0.0
2019-10-15,NSCC,0.0
2019-10-16,RCC,0.0
2019-10-16,SID,0.0
2019-10-16,BWCC,0.0
2019-10-16,AFRD2,0.0
2019-10-16,TFCC,0.0
2019-10-16,SWID,0.0
2019-10-16,NSCC,0.0
2019-10-17,RCC,0.0
2019-10-17,SID,0.0
2019-10-17,BWCC,0.0
2019-10-17,AFRD2,0.0
2019-10-17,TFCC,0.0
2019-10-17,SWID,0.0
2019-10-17,NSCC,0.0
2019-10-18,RCC,0.0
2019-10-18,SID,0.0
2019-10-18,BWCC,0.0
2019-10-18,AFRD2,0.0
2019-10-18,TFCC,0.0
2019-10-18,SWID,0.0
2019-10-18,NSCC,0.0
2019-10-19,RCC,0.0
2019-10-19,SID,0.0
2019-10-19,BWCC,0.0
2019-10-19,AFRD2,0.0
2019-10-19,TFCC,0.0
2019-10-19,SWID,0.0
2019-10-19,NSCC,0.0
2019-10-20,RCC,0.0
2019-10-20,SID,0.0
2019-10-20,BWCC,0.0
2019-10-20,AFRD2,0.0
2019-10-20,TFCC,0.0
2019-10-20,SWID,0.0
2019-10-20,NSCC,0.0
2019-10-21,RCC,0.0
2019-10-21,SID,0.0
2019-10-21,BWCC,0.0
2019-10-21,AFRD2,0.0
2019-10-21,TFCC,0.0
2019-10-21,SWID,0.0
2019-10-21,NSCC,0.0
2019-10-22,RCC,0.0
2019-10-22,SID,0.0
2019-10-22,BWCC,0.0
2019-10-22,AFRD2,0.0
2019-10-22,TFCC,0.0
2019-10-22,SWID,0.0
2019-10-22,NSCC,0.0
2019-10-23,RCC,0.0
2019-10-23,SID,0.0
2019-10-23,BWCC,0.0
2019-10-23,AFRD2,0.0
2019-10-23,TFCC,0.0
2019-10-23,SWID,0.0
2019-10-23,NSCC,0.0
2019-10-24,RCC,0.0
2019-10-24,SID,0.0
2019-10-24,BWCC,0.0
2019-10-24,AFRD2,0.0
2019-10-24,TFCC,33.06803075763795
2019-10-24,SWID,0.0
2019-10-24,NSCC,0.0
2019-10-25,RCC,0.0
2019-10-25,SID,0.0
2019-10-25,BWCC,0.0
2019-10-25,AFRD2,0.0
2019-10-25,TFCC,33.06803075763795
2019-10-25,SWID,0.0
2019-10-25,NSCC,203.62
2019-10-26,RCC,0.0
2019-10-26,SID,0.0
2019-10-26,BWCC,0.0
2019-10-26,AFRD2,0.0
2019-10-26,TFCC,37.543736822670965
2019-10-26,SWID,0.0
2019-10-26,NSCC,321.65
2019-10-27,RCC,0.0
2019-10-27,SID,0.0
2019-10-27,BWCC,0.0
2019-10-27,AFRD2,0.0
2019-10-27,TFCC,33.06803075763795
2019-10-27,SWID,0.0
2019-10-27,NSCC,227.12
2019-10-28,RCC,0.0
2019-10-28,SID,0.0
2019-10-28,BWCC,0.0
2019-10-28,AFRD2,0.0
2019-10-28,TFCC,35.27860653331901
2019-10-28,SWID,0.0
2019-10-28,NSCC,201.32
2019-10-29,RCC,0.0
2019-10-29,SID,0.0
2019-10-29,BWCC,0.0
2019-10-29,AFRD2,0.0
2019-10-29,TFCC,49.661695319730924
2019-10-29,SWID,69.71374124
2019-10-29,NSCC,229.52
2019-10-30,RCC,0.0
2019-10-30,SID,0.0
2019-10-30,BWCC,0.0
2019-10-30,AFRD2,0.0
2019-10-30,TFCC,60.26768583178016
2019-10-30,SWID,69.71374124
2019-10-30,NSCC,264.03
2019-10-31,RCC,0.0
2019-10-31,SID,0.0
2019-10-31,BWCC,0.0
2019-10-31,AFRD2,0.0
2019-10-31,TFCC,63.04098665073457
2019-10-31,SWID,69.71374124
2019-10-31,NSCC,287.11
2019-11-01,RCC,0.0
2019-11-01,SID,0.0
2019-11-01,BWCC,0.0
2019-11-01,AFRD2,0.0
2019-11-01,TFCC,68.73018323760013
2019-11-01,SWID,69.71374124
2019-11-01,NSCC,287.11
2019-11-02,RCC,0.0
2019-11-02,SID,0.0
2019-11-02,BWCC,0.0
2019-11-02,AFRD2,0.0
2019-11-02,TFCC,68.73018323760013
2019-11-02,SWID,69.71374124
2019-11-02,NSCC,287.11
2019-11-03,RCC,0.0
2019-11-03,SID,0.0
2019-11-03,BWCC,0.0
2019-11-03,AFRD2,0.0
2019-11-03,TFCC,68.73018323760013
2019-11-03,SWID,69.71374124
2019-11-03,NSCC,287.11
2019-11-04,RCC,0.0
2019-11-04,SID,0.0
2019-11-04,BWCC,0.0
2019-11-04,AFRD2,0.0
2019-11-04,TFCC,68.73018323760013
2019-11-04,SWID,69.71374124
2019-11-04,NSCC,335.29
2019-11-05,RCC,0.0
2019-11-05,SID,0.0
2019-11-05,BWCC,0.0
2019-11-05,AFRD2,0.0
2019-11-05,TFCC,60.26768583178016
2019-11-05,SWID,36.008936
2019-11-05,NSCC,366.02
2019-11-06,RCC,0.0
2019-11-06,SID,0.0
2019-11-06,BWCC,0.0
2019-11-06,AFRD2,0.0
2019-11-06,TFCC,49.661695319730924
2019-11-06,SWID,36.008936
2019-11-06,NSCC,412.39
2019-11-07,RCC,0.0
2019-11-07,SID,0.0
2019-11-07,BWCC,0.0
2019-11-07,AFRD2,0.0
2019-11-07,TFCC,49.661695319730924
2019-11-07,SWID,36.008936
2019-11-07,NSCC,451.5
2019-11-08,RCC,0.0
2019-11-08,SID,0.0
2019-11-08,BWCC,0.0
2019-11-08,AFRD2,0.0
2019-11-08,TFCC,49.661695319730924
2019-11-08,SWID,36.008936
2019-11-08,NSCC,451.5
2019-11-09,RCC,0.0
2019-11-09,SID,0.0
2019-11-09,BWCC,0.0
2019-11-09,AFRD2,0.0
2019-11-09,TFCC,49.661695319730924
2019-11-09,SWID,36.008936
2019-11-09,NSCC,448.44
2019-11-10,RCC,0.0
2019-11-10,SID,0.0
2019-11-10,BWCC,0.0
2019-11-10,AFRD2,0.0
2019-11-10,TFCC,49.661695319730924
2019-11-10,SWID,36.008936
2019-11-10,NSCC,445.4
2019-11-11,RCC,0.0
2019-11-11,SID,0.0
2019-11-11,BWCC,0.0
2019-11-11,AFRD2,0.0
2019-11-11,TFCC,49.661695319730924
2019-11-11,SWID,36.008936
2019-11-11,NSCC,448.44
2019-11-12,RCC,0.0
2019-11-12,SID,0.0
2019-11-12,BWCC,0.0
2019-11-12,AFRD2,0.0
2019-11-12,TFCC,49.661695319730924
2019-11-12,SWID,39.774256
2019-11-12,NSCC,448.44
2019-11-13,RCC,0.0
2019-11-13,SID,0.0
2019-11-13,BWCC,0.0
2019-11-13,AFRD2,0.0
2019-11-13,TFCC,49.661695319730924
2019-11-13,SWID,39.774256
2019-11-13,NSCC,448.44
2019-11-14,RCC,0.0
2019-11-14,SID,0.0
2019-11-14,BWCC,0.0
2019-11-14,AFRD2,0.0
2019-11-14,TFCC,49.661695319730924
2019-11-14,SWID,39.774256
2019-11-14,NSCC,445.4
2019-11-15,RCC,0.0
2019-11-15,SID,0.0
2019-11-15,BWCC,0.0
2019-11-15,AFRD2,0.0
2019-11-15,TFCC,39.86264098423765
2019-11-15,SWID,39.774256
2019-11-15,NSCC,445.4
2019-11-16,RCC,0.0
2019-11-16,SID,0.0
2019-11-16,BWCC,0.0
2019-11-16,AFRD2,0.0
2019-11-16,TFCC,33.06803075763795
2019-11-16,SWID,39.774256
2019-11-16,NSCC,442.36
2019-11-17,RCC,0.0
2019-11-17,SID,0.0
2019-11-17,BWCC,0.0
2019-11-17,AFRD2,0.0
2019-11-17,TFCC,33.06803075763795
2019-11-17,SWID,39.774256
2019-11-17,NSCC,445.4
2019-11-18,RCC,0.0
2019-11-18,SID,0.0
2019-11-18,BWCC,0.0
2019-11-18,AFRD2,0.0
2019-11-18,TFCC,33.06803075763795
2019-11-18,SWID,39.774256
2019-11-18,NSCC,445.4
2019-11-19,RCC,0.0
2019-11-19,SID,0.0
2019-11-19,BWCC,0.0
2019-11-19,AFRD2,0.0
2019-11-19,TFCC,33.06803075763795
2019-11-19,SWID,44.651348
2019-11-19,NSCC,442.36
2019-11-20,RCC,0.0
2019-11-20,SID,0.0
2019-11-20,BWCC,0.0
2019-11-20,AFRD2,0.0
2019-11-20,TFCC,33.06803075763795
2019-11-20,SWID,44.651348
2019-11-20,NSCC,442.36
2019-11-21,RCC,0.0
2019-11-21,SID,0.0
2019-11-21,BWCC,0.0
2019-11-21,AFRD2,0.0
2019-11-21,TFCC,30.91283329056914
2019-11-21,SWID,44.651348
2019-11-21,NSCC,510.87
2019-11-22,RCC,0.0
2019-11-22,SID,0.0
2019-11-22,BWCC,0.0
2019-11-22,AFRD2,0.0
2019-11-22,TFCC,30.91283329056914
2019-11-22,SWID,44.651348
2019-11-22,NSCC,539.89
2019-11-23,RCC,0.0
2019-11-23,SID,0.0
2019-11-23,BWCC,0.0
2019-11-23,AFRD2,0.0
2019-11-23,TFCC,30.91283329056914
2019-11-23,SWID,44.651348
2019-11-23,NSCC,539.89
2019-11-24,RCC,0.0
2019-11-24,SID,0.0
2019-11-24,BWCC,0.0
2019-11-24,AFRD2,0.0
2019-11-24,TFCC,28.813885373749002
2019-11-24,SWID,44.651348
2019-11-24,NSCC,533.39
2019-11-25,RCC,0.0
2019-11-25,SID,0.0
2019-11-25,BWCC,0.0
2019-11-25,AFRD2,0.0
2019-11-25,TFCC,28.813885373749002
2019-11-25,SWID,44.651348
2019-11-25,NSCC,530.15
2019-11-26,RCC,0.0
2019-11-26,SID,0.0
2019-11-26,BWCC,0.0
2019-11-26,AFRD2,0.0
2019-11-26,TFCC,28.813885373749002
2019-11-26,SWID,48.756437999999996
2019-11-26,NSCC,530.15
2019-11-27,RCC,0.0
2019-11-27,SID,0.0
2019-11-27,BWCC,0.0
2019-11-27,AFRD2,0.0
2019-11-27,TFCC,15.782073683856046
2019-11-27,SWID,48.756437999999996
2019-11-27,NSCC,504.5
2019-11-28,RCC,0.0
2019-11-28,SID,0.0
2019-11-28,BWCC,0.0
2019-11-28,AFRD2,0.0
2019-11-28,TFCC,0.0
2019-11-28,SWID,48.756437999999996
2019-11-28,NSCC,491.84
2019-11-29,RCC,0.0
2019-11-29,SID,0.0
2019-11-29,BWCC,0.0
2019-11-29,AFRD2,0.0
2019-11-29,TFCC,0.0
2019-11-29,SWID,48.756437999999996
2019-11-29,NSCC,488.69
2019-11-30,RCC,0.0
2019-11-30,SID,0.0
2019-11-30,BWCC,0.0
2019-11-30,AFRD2,0.0
2019-11-30,TFCC,0.0
2019-11-30,SWID,48.756437999999996
2019-11-30,NSCC,485.55
2019-12-01,RCC,0.0
2019-12-01,ASCC,0.0
2019-12-01,NSID,0.0
2019-12-01,IID,0.0
2019-12-01,PID,0.0
2019-12-01,SID,0.0
2019-12-01,SRVID,0.0
2019-12-01,FFIC,0.0
2019-12-01,ECC,0.0
2019-12-01,FMID,0.0
2019-12-01,GFCC,0.0
2019-12-01,BWCC,0.0
2019-12-01,AFRD2,0.0
2019-12-01,TFCC,0.0
2019-12-01,SWID,48.756437999999996
2019-12-01,NSCC,485.55
2019-12-02,RCC,0.0
2019-12-02,ASCC,0.0
2019-12-02,NSID,0.0
2019-12-02,IID,0.0
2019-12-02,PID,0.0
2019-12-02,SID,0.0
2019-12-02,SRVID,0.0
2019-12-02,FFIC,0.0
2019-12-02,ECC,0.0
2019-12-02,FMID,0.0
2019-12-02,GFCC,0.0
2019-12-02,BWCC,0.0
2019-12-02,AFRD2,0.0
2019-12-02,TFCC,0.0
2019-12-02,SWID,48.756437999999996
2019-12-02,NSCC,415.36
2019-12-03,RCC,0.0
2019-12-03,ASCC,0.0
2019-12-03,NSID,0.0
2019-12-03,IID,0.0
2019-12-03,PID,0.0
2019-12-03,SID,0.0
2019-12-03,SRVID,0.0
2019-12-03,FFIC,0.0
2019-12-03,ECC,0.0
2019-12-03,FMID,0.0
2019-12-03,GFCC,0.0
2019-12-03,BWCC,0.0
2019-12-03,AFRD2,0.0
2019-12-03,TFCC,0.0
2019-12-03,SWID,48.756437999999996
2019-12-03,NSCC,374.57
2019-12-04,RCC,0.0
2019-12-04,ASCC,0.0
2019-12-04,NSID,0.0
2019-12-04,IID,0.0
2019-12-04,PID,0.0
2019-12-04,SID,0.0
2019-12-04,SRVID,0.0
2019-12-04,FFIC,0.0
2019-12-04,ECC,0.0
2019-12-04,FMID,0.0
2019-12-04,GFCC,0.0
2019-12-04,BWCC,0.0
2019-12-04,AFRD2,0.0
2019-12-04,TFCC,0.0
2019-12-04,SWID,48.756437999999996
2019-12-04,NSCC,374.57
2019-12-05,RCC,0.0
2019-12-05,ASCC,0.0
2019-12-05,NSID,0.0
2019-12-05,IID,0.0
2019-12-05,PID,0.0
2019-12-05,SID,0.0
2019-12-05,SRVID,0.0
2019-12-05,FFIC,0.0
2019-12-05,ECC,0.0
2019-12-05,FMID,0.0
2019-12-05,GFCC,0.0
2019-12-05,BWCC,0.0
2019-12-05,AFRD2,0.0
2019-12-05,TFCC,0.0
2019-12-05,SWID,48.756437999999996
2019-12-05,NSCC,374.57
2019-12-06,RCC,0.0
2019-12-06,ASCC,0.0
2019-12-06,NSID,0.0
2019-12-06,IID,0.0
2019-12-06,PID,0.0
2019-12-06,SID,0.0
2019-12-06,SRVID,0.0
2019-12-06,FFIC,0.0
2019-12-06,ECC,0.0
2019-12-06,FMID,0.0
2019-12-06,GFCC,0.0
2019-12-06,BWCC,0.0
2019-12-06,AFRD2,0.0
2019-12-06,TFCC,0.0
2019-12-06,SWID,48.756437999999996
2019-12-06,NSCC,368.86
2019-12-07,RCC,0.0
2019-12-07,ASCC,0.0
2019-12-07,NSID,0.0
2019-12-07,IID,0.0
2019-12-07,PID,0.0
2019-12-07,SID,0.0
2019-12-07,SRVID,0.0
2019-12-07,FFIC,0.0
2019-12-07,ECC,0.0
2019-12-07,FMID,0.0
2019-12-07,GFCC,0.0
2019-12-07,BWCC,0.0
2019-12-07,AFRD2,0.0
2019-12-07,TFCC,0.0
2019-12-07,SWID,48.756437999999996
2019-12-07,NSCC,366.02
2019-12-08,RCC,0.0
2019-12-08,ASCC,0.0
2019-12-08,NSID,0.0
2019-12-08,IID,0.0
2019-12-08,PID,0.0
2019-12-08,SID,0.0
2019-12-08,SRVID,0.0
2019-12-08,FFIC,0.0
2019-12-08,ECC,0.0
2019-12-08,FMID,0.0
2019-12-08,GFCC,0.0
2019-12-08,BWCC,0.0
2019-12-08,AFRD2,0.0
2019-12-08,TFCC,0.0
2019-12-08,SWID,48.756437999999996
2019-12-08,NSCC,360.36
2019-12-09,RCC,0.0
2019-12-09,ASCC,0.0
2019-12-09,NSID,0.0
2019-12-09,IID,0.0
2019-12-09,PID,0.0
2019-12-09,SID,0.0
2019-12-09,SRVID,0.0
2019-12-09,FFIC,0.0
2019-12-09,ECC,0.0
2019-12-09,FMID,0.0
2019-12-09,GFCC,0.0
2019-12-09,BWCC,0.0
2019-12-09,AFRD2,0.0
2019-12-09,TFCC,0.0
2019-12-09,SWID,48.756437999999996
2019-12-09,NSCC,316.24
2019-12-10,RCC,0.0
2019-12-10,ASCC,0.0
2019-12-10,NSID,0.0
2019-12-10,IID,0.0
2019-12-10,PID,0.0
2019-12-10,SID,0.0
2019-12-10,SRVID,0.0
2019-12-10,FFIC,0.0
2019-12-10,ECC,0.0
2019-12-10,FMID,0.0
2019-12-10,GFCC,0.0
2019-12-10,BWCC,0.0
2019-12-10,AFRD2,0.0
2019-12-10,TFCC,0.0
2019-12-10,SWID,49.36929396
2019-12-10,NSCC,289.72
2019-12-11,RCC,0.0
2019-12-11,ASCC,0.0
2019-12-11,NSID,0.0
2019-12-11,IID,0.0
2019-12-11,PID,0.0
2019-12-11,SID,0.0
2019-12-11,SRVID,0.0
2019-12-11,FFIC,0.0
2019-12-11,ECC,0.0
2019-12-11,FMID,0.0
2019-12-11,GFCC,0.0
2019-12-11,BWCC,0.0
2019-12-11,AFRD2,0.0
2019-12-11,TFCC,0.0
2019-12-11,SWID,49.36929396
2019-12-11,NSCC,289.72
2019-12-12,RCC,0.0
2019-12-12,ASCC,0.0
2019-12-12,NSID,0.0
2019-12-12,IID,0.0
2019-12-12,PID,0.0
2019-12-12,SID,0.0
2019-12-12,SRVID,0.0
2019-12-12,FFIC,0.0
2019-12-12,ECC,0.0
2019-12-12,FMID,0.0
2019-12-12,GFCC,0.0
2019-12-12,BWCC,0.0
2019-12-12,AFRD2,0.0
2019-12-12,TFCC,0.0
2019-12-12,SWID,49.36929396
2019-12-12,NSCC,287.11
2019-12-13,RCC,0.0
2019-12-13,ASCC,0.0
2019-12-13,NSID,0.0
2019-12-13,IID,0.0
2019-12-13,PID,0.0
2019-12-13,SID,0.0
2019-12-13,SRVID,0.0
2019-12-13,FFIC,0.0
2019-12-13,ECC,0.0
2019-12-13,FMID,0.0
2019-12-13,GFCC,0.0
2019-12-13,BWCC,0.0
2019-12-13,AFRD2,0.0
2019-12-13,TFCC,26.53
2019-12-13,SWID,49.36929396
2019-12-13,NSCC,284.52
2019-12-14,RCC,0.0
2019-12-14,ASCC,0.0
2019-12-14,NSID,0.0
2019-12-14,IID,0.0
2019-12-14,PID,0.0
2019-12-14,SID,0.0
2019-12-14,SRVID,0.0
2019-12-14,FFIC,0.0
2019-12-14,ECC,0.0
2019-12-14,FMID,0.0
2019-12-14,GFCC,0.0
2019-12-14,BWCC,0.0
2019-12-14,AFRD2,0.0
2019-12-14,TFCC,26.81
2019-12-14,SWID,49.36929396
2019-12-14,NSCC,284.52
2019-12-15,RCC,0.0
2019-12-15,ASCC,0.0
2019-12-15,NSID,0.0
2019-12-15,IID,0.0
2019-12-15,PID,0.0
2019-12-15,SID,0.0
2019-12-15,SRVID,0.0
2019-12-15,FFIC,0.0
2019-12-15,ECC,0.0
2019-12-15,FMID,0.0
2019-12-15,GFCC,0.0
2019-12-15,BWCC,0.0
2019-12-15,AFRD2,0.0
2019-12-15,TFCC,26.77
2019-12-15,SWID,49.36929396
2019-12-15,NSCC,284.52
2019-12-16,RCC,0.0
2019-12-16,ASCC,0.0
2019-12-16,NSID,0.0
2019-12-16,IID,0.0
2019-12-16,PID,0.0
2019-12-16,SID,0.0
2019-12-16,SRVID,0.0
2019-12-16,FFIC,0.0
2019-12-16,ECC,0.0
2019-12-16,FMID,0.0
2019-12-16,GFCC,0.0
2019-12-16,BWCC,0.0
2019-12-16,AFRD2,0.0
2019-12-16,TFCC,26.03
2019-12-16,SWID,49.36929396
2019-12-16,NSCC,281.93
2019-12-17,RCC,0.0
2019-12-17,ASCC,0.0
2019-12-17,NSID,0.0
2019-12-17,IID,0.0
2019-12-17,PID,0.0
2019-12-17,SID,0.0
2019-12-17,SRVID,0.0
2019-12-17,FFIC,0.0
2019-12-17,ECC,0.0
2019-12-17,FMID,0.0
2019-12-17,GFCC,0.0
2019-12-17,BWCC,0.0
2019-12-17,AFRD2,0.0
2019-12-17,TFCC,27.48
2019-12-17,SWID,48.108244886165885
2019-12-17,NSCC,281.93
2019-12-18,RCC,0.0
2019-12-18,ASCC,0.0
2019-12-18,NSID,0.0
2019-12-18,IID,0.0
2019-12-18,PID,0.0
2019-12-18,SID,0.0
2019-12-18,SRVID,0.0
2019-12-18,FFIC,0.0
2019-12-18,ECC,0.0
2019-12-18,FMID,0.0
2019-12-18,GFCC,0.0
2019-12-18,BWCC,0.0
2019-12-18,AFRD2,0.0
2019-12-18,TFCC,33.27
2019-12-18,SWID,48.108244886165885
2019-12-18,NSCC,289.72
2019-12-19,RCC,0.0
2019-12-19,ASCC,0.0
2019-12-19,NSID,0.0
2019-12-19,IID,0.0
2019-12-19,PID,0.0
2019-12-19,SID,0.0
2019-12-19,SRVID,0.0
2019-12-19,FFIC,0.0
2019-12-19,ECC,0.0
2019-12-19,FMID,0.0
2019-12-19,GFCC,0.0
2019-12-19,BWCC,0.0
2019-12-19,AFRD2,0.0
2019-12-19,TFCC,35.4
2019-12-19,SWID,48.108244886165885
2019-12-19,NSCC,294.96
2019-12-20,RCC,0.0
2019-12-20,ASCC,0.0
2019-12-20,NSID,0.0
2019-12-20,IID,0.0
2019-12-20,PID,0.0
2019-12-20,SID,0.0
2019-12-20,SRVID,0.0
2019-12-20,FFIC,0.0
2019-12-20,ECC,0.0
2019-12-20,FMID,0.0
2019-12-20,GFCC,0.0
2019-12-20,BWCC,0.0
2019-12-20,AFRD2,0.0
2019-12-20,TFCC,35.4
2019-12-20,SWID,48.108244886165885
2019-12-20,NSCC,294.96
2019-12-21,RCC,0.0
2019-12-21,ASCC,0.0
2019-12-21,NSID,0.0
2019-12-21,IID,0.0
2019-12-21,PID,0.0
2019-12-21,SID,0.0
2019-12-21,SRVID,0.0
2019-12-21,FFIC,0.0
2019-12-21,ECC,0.0
2019-12-21,FMID,0.0
2019-12-21,GFCC,0.0
2019-12-21,BWCC,0.0
2019-12-21,AFRD2,0.0
2019-12-21,TFCC,35.47
2019-12-21,SWID,48.108244886165885
2019-12-21,NSCC,292.34
2019-12-22,RCC,0.0
2019-12-22,ASCC,0.0
2019-12-22,NSID,0.0
2019-12-22,IID,0.0
2019-12-22,PID,0.0
2019-12-22,SID,0.0
2019-12-22,SRVID,0.0
2019-12-22,FFIC,0.0
2019-12-22,ECC,0.0
2019-12-22,FMID,0.0
2019-12-22,GFCC,0.0
2019-12-22,BWCC,0.0
2019-12-22,AFRD2,0.0
2019-12-22,TFCC,36.46
2019-12-22,SWID,48.108244886165885
2019-12-22,NSCC,289.72
2019-12-23,RCC,0.0
2019-12-23,ASCC,0.0
2019-12-23,NSID,0.0
2019-12-23,IID,0.0
2019-12-23,PID,0.0
2019-12-23,SID,0.0
2019-12-23,SRVID,0.0
2019-12-23,FFIC,0.0
2019-12-23,ECC,0.0
2019-12-23,FMID,0.0
2019-12-23,GFCC,0.0
2019-12-23,BWCC,0.0
2019-12-23,AFRD2,0.0
2019-12-23,TFCC,35.94
2019-12-23,SWID,48.108244886165885
2019-12-23,NSCC,289.72
2019-12-24,RCC,0.0
2019-12-24,ASCC,0.0
2019-12-24,NSID,0.0
2019-12-24,IID,0.0
2019-12-24,PID,0.0
2019-12-24,SID,0.0
2019-12-24,SRVID,0.0
2019-12-24,FFIC,0.0
2019-12-24,ECC,0.0
2019-12-24,FMID,0.0
2019-12-24,GFCC,0.0
2019-12-24,BWCC,0.0
2019-12-24,AFRD2,0.0
2019-12-24,TFCC,35.28
2019-12-24,SWID,51.92738494067444
2019-12-24,NSCC,289.72
2019-12-25,RCC,0.0
2019-12-25,ASCC,0.0
2019-12-25,NSID,0.0
2019-12-25,IID,0.0
2019-12-25,PID,0.0
2019-12-25,SID,0.0
2019-12-25,SRVID,0.0
2019-12-25,FFIC,0.0
2019-12-25,ECC,0.0
2019-12-25,FMID,0.0
2019-12-25,GFCC,0.0
2019-12-25,BWCC,0.0
2019-12-25,AFRD2,0.0
2019-12-25,TFCC,35.4
2019-12-25,SWID,51.92738494067444
2019-12-25,NSCC,287.11
2019-12-26,RCC,0.0
2019-12-26,ASCC,0.0
2019-12-26,NSID,0.0
2019-12-26,IID,0.0
2019-12-26,PID,0.0
2019-12-26,SID,0.0
2019-12-26,SRVID,0.0
2019-12-26,FFIC,0.0
2019-12-26,ECC,0.0
2019-12-26,FMID,0.0
2019-12-26,GFCC,0.0
2019-12-26,BWCC,0.0
2019-12-26,AFRD2,0.0
2019-12-26,TFCC,35.49
2019-12-26,SWID,51.92738494067444
2019-12-26,NSCC,287.11
2019-12-27,RCC,0.0
2019-12-27,ASCC,0.0
2019-12-27,NSID,0.0
2019-12-27,IID,0.0
2019-12-27,PID,0.0
2019-12-27,SID,0.0
2019-12-27,SRVID,0.0
2019-12-27,FFIC,0.0
2019-12-27,ECC,0.0
2019-12-27,FMID,0.0
2019-12-27,GFCC,0.0
2019-12-27,BWCC,0.0
2019-12-27,AFRD2,0.0
2019-12-27,TFCC,35.28
2019-12-27,SWID,51.92738494067444
2019-12-27,NSCC,287.11
2019-12-28,RCC,0.0
2019-12-28,ASCC,0.0
2019-12-28,NSID,0.0
2019-12-28,IID,0.0
2019-12-28,PID,0.0
2019-12-28,SID,0.0
2019-12-28,SRVID,0.0
2019-12-28,FFIC,0.0
2019-12-28,ECC,0.0
2019-12-28,FMID,0.0
2019-12-28,GFCC,0.0
2019-12-28,BWCC,0.0
2019-12-28,AFRD2,0.0
2019-12-28,TFCC,35.28
2019-12-28,SWID,51.92738494067444
2019-12-28,NSCC,284.52
2019-12-29,RCC,0.0
2019-12-29,ASCC,0.0
2019-12-29,NSID,0.0
2019-12-29,IID,0.0
2019-12-29,PID,0.0
2019-12-29,SID,0.0
2019-12-29,SRVID,0.0
2019-12-29,FFIC,0.0
2019-12-29,ECC,0.0
2019-12-29,FMID,0.0
2019-12-29,GFCC,0.0
2019-12-29,BWCC,0.0
2019-12-29,AFRD2,0.0
2019-12-29,TFCC,35.28
2019-12-29,SWID,51.92738494067444
2019-12-29,NSCC,281.93
2019-12-30,RCC,0.0
2019-12-30,ASCC,0.0
2019-12-30,NSID,0.0
2019-12-30,IID,0.0
2019-12-30,PID,0.0
2019-12-30,SID,0.0
2019-12-30,SRVID,0.0
2019-12-30,FFIC,0.0
2019-12-30,ECC,0.0
2019-12-30,FMID,0.0
2019-12-30,GFCC,0.0
2019-12-30,BWCC,0.0
2019-12-30,AFRD2,0.0
2019-12-30,TFCC,35.28
2019-12-30,SWID,51.92738494067444
2019-12-30,NSCC,281.93
2019-12-31,RCC,0.0
2019-12-31,ASCC,0.0
2019-12-31,NSID,0.0
2019-12-31,IID,0.0
2019-12-31,PID,0.0
2019-12-31,SID,0.0
2019-12-31,SRVID,0.0
2019-12-31,FFIC,0.0
2019-12-31,ECC,0.0
2019-12-31,FMID,0.0
2019-12-31,GFCC,0.0
2019-12-31,BWCC,0.0
2019-12-31,AFRD2,0.0
2019-12-31,TFCC,35.28
2019-12-31,SWID,45.9614235908889
2019-12-31,NSCC,284.52
2020-01-01,RCC,0.0
2020-01-01,ASCC,0.0
2020-01-01,NSID,0.0
2020-01-01,IID,0.0
2020-01-01,PID,0.0
2020-01-01,SID,0.0
2020-01-01,SRVID,0.0
2020-01-01,FFIC,0.0
2020-01-01,ECC,0.0
2020-01-01,FMID,0.0
2020-01-01,GFCC,0.0
2020-01-01,BWCC,0.0
2020-01-01,AFRD2,0.0
2020-01-01,TFCC,35.35
2020-01-01,SWID,45.9614235908889
2020-01-01,NSCC,281.93
2020-01-02,RCC,0.0
2020-01-02,ASCC,0.0
2020-01-02,NSID,0.0
2020-01-02,IID,0.0
2020-01-02,PID,0.0
2020-01-02,SID,0.0
2020-01-02,SRVID,0.0
2020-01-02,FFIC,0.0
2020-01-02,ECC,0.0
2020-01-02,FMID,0.0
2020-01-02,GFCC,0.0
2020-01-02,BWCC,0.0
2020-01-02,AFRD2,0.0
2020-01-02,TFCC,35.28
2020-01-02,SWID,45.9614235908889
2020-01-02,NSCC,279.34
2020-01-03,RCC,0.0
2020-01-03,ASCC,0.0
2020-01-03,NSID,0.0
2020-01-03,IID,0.0
2020-01-03,PID,0.0
2020-01-03,SID,0.0
2020-01-03,SRVID,0.0
2020-01-03,FFIC,0.0
2020-01-03,ECC,0.0
2020-01-03,FMID,0.0
2020-01-03,GFCC,0.0
2020-01-03,BWCC,0.0
2020-01-03,AFRD2,0.0
2020-01-03,TFCC,38.76
2020-01-03,SWID,45.9614235908889
2020-01-03,NSCC,313.55
2020-01-04,RCC,0.0
2020-01-04,ASCC,0.0
2020-01-04,NSID,0.0
2020-01-04,IID,0.0
2020-01-04,PID,0.0
2020-01-04,SID,0.0
2020-01-04,SRVID,0.0
2020-01-04,FFIC,0.0
2020-01-04,ECC,0.0
2020-01-04,FMID,0.0
2020-01-04,GFCC,0.0
2020-01-04,BWCC,0.0
2020-01-04,AFRD2,0.0
2020-01-04,TFCC,42.23
2020-01-04,SWID,45.9614235908889
2020-01-04,NSCC,343.58
2020-01-05,RCC,0.0
2020-01-05,ASCC,0.0
2020-01-05,NSID,0.0
2020-01-05,IID,0.0
2020-01-05,PID,0.0
2020-01-05,SID,0.0
2020-01-05,SRVID,0.0
2020-01-05,FFIC,0.0
2020-01-05,ECC,0.0
2020-01-05,FMID,0.0
2020-01-05,GFCC,0.0
2020-01-05,BWCC,0.0
2020-01-05,AFRD2,0.0
2020-01-05,TFCC,42.23
2020-01-05,SWID,45.9614235908889
2020-01-05,NSCC,343.58
2020-01-06,RCC,0.0
2020-01-06,ASCC,0.0
2020-01-06,NSID,0.0
2020-01-06,IID,0.0
2020-01-06,PID,0.0
2020-01-06,SID,0.0
2020-01-06,SRVID,0.0
2020-01-06,FFIC,0.0
2020-01-06,ECC,0.0
2020-01-06,FMID,0.0
2020-01-06,GFCC,0.0
2020-01-06,BWCC,0.0
2020-01-06,AFRD2,0.0
2020-01-06,TFCC,42.23
2020-01-06,SWID,45.9614235908889
2020-01-06,NSCC,340.81
2020-01-07,RCC,0.0
2020-01-07,ASCC,0.0
2020-01-07,NSID,0.0
2020-01-07,IID,0.0
2020-01-07,PID,0.0
2020-01-07,SID,0.0
2020-01-07,SRVID,0.0
2020-01-07,FFIC,0.0
2020-01-07,ECC,0.0
2020-01-07,FMID,0.0
2020-01-07,GFCC,0.0
2020-01-07,BWCC,0.0
2020-01-07,AFRD2,106.63823361642
2020-01-07,TFCC,42.23
2020-01-07,SWID,47.22981167638497
2020-01-07,NSCC,338.05
2020-01-08,RCC,0.0
2020-01-08,ASCC,0.0
2020-01-08,NSID,0.0
2020-01-08,IID,0.0
2020-01-08,PID,0.0
2020-01-08,SID,0.0
2020-01-08,SRVID,0.0
2020-01-08,FFIC,0.0
2020-01-08,ECC,0.0
2020-01-08,FMID,0.0
2020-01-08,GFCC,0.0
2020-01-08,BWCC,0.0
2020-01-08,AFRD2,188.57744388048002
2020-01-08,TFCC,42.23
2020-01-08,SWID,47.22981167638497
2020-01-08,NSCC,338.05
2020-01-09,RCC,0.0
2020-01-09,ASCC,0.0
2020-01-09,NSID,0.0
2020-01-09,IID,0.0
2020-01-09,PID,0.0
2020-01-09,SID,0.0
2020-01-09,SRVID,0.0
2020-01-09,FFIC,0.0
2020-01-09,ECC,0.0
2020-01-09,FMID,0.0
2020-01-09,GFCC,0.0
2020-01-09,BWCC,0.0
2020-01-09,AFRD2,146.74538179648
2020-01-09,TFCC,42.23
2020-01-09,SWID,47.22981167638497
2020-01-09,NSCC,335.29
2020-01-10,RCC,0.0
2020-01-10,ASCC,0.0
2020-01-10,NSID,0.0
2020-01-10,IID,0.0
2020-01-10,PID,0.0
2020-01-10,SID,0.0
2020-01-10,SRVID,0.0
2020-01-10,FFIC,0.0
2020-01-10,ECC,0.0
2020-01-10,FMID,0.0
2020-01-10,GFCC,0.0
2020-01-10,BWCC,0.0
2020-01-10,AFRD2,160.0851571875
2020-01-10,TFCC,42.23
2020-01-10,SWID,47.22981167638497
2020-01-10,NSCC,335.29
2020-01-11,RCC,0.0
2020-01-11,ASCC,0.0
2020-01-11,NSID,0.0
2020-01-11,IID,0.0
2020-01-11,PID,0.0
2020-01-11,SID,0.0
2020-01-11,SRVID,0.0
2020-01-11,FFIC,0.0
2020-01-11,ECC,0.0
2020-01-11,FMID,0.0
2020-01-11,GFCC,0.0
2020-01-11,BWCC,0.0
2020-01-11,AFRD2,196.93175282202003
2020-01-11,TFCC,42.23
2020-01-11,SWID,47.22981167638497
2020-01-11,NSCC,332.55
2020-01-12,RCC,0.0
2020-01-12,ASCC,0.0
2020-01-12,NSID,0.0
2020-01-12,IID,0.0
2020-01-12,PID,0.0
2020-01-12,SID,0.0
2020-01-12,SRVID,0.0
2020-01-12,FFIC,0.0
2020-01-12,ECC,0.0
2020-01-12,FMID,0.0
2020-01-12,GFCC,0.0
2020-01-12,BWCC,0.0
2020-01-12,AFRD2,187.66446571422
2020-01-12,TFCC,42.21
2020-01-12,SWID,47.22981167638497
2020-01-12,NSCC,332.55
2020-01-13,RCC,0.0
2020-01-13,ASCC,0.0
2020-01-13,NSID,0.0
2020-01-13,IID,0.0
2020-01-13,PID,0.0
2020-01-13,SID,0.0
2020-01-13,SRVID,0.0
2020-01-13,FFIC,0.0
2020-01-13,ECC,0.0
2020-01-13,FMID,0.0
2020-01-13,GFCC,0.0
2020-01-13,BWCC,0.0
2020-01-13,AFRD2,186.75455443264002
2020-01-13,TFCC,42.23
2020-01-13,SWID,47.22981167638497
2020-01-13,NSCC,329.81
2020-01-14,RCC,0.0
2020-01-14,ASCC,0.0
2020-01-14,NSID,0.0
2020-01-14,IID,0.0
2020-01-14,PID,0.0
2020-01-14,SID,0.0
2020-01-14,SRVID,0.0
2020-01-14,FFIC,0.0
2020-01-14,ECC,0.0
2020-01-14,FMID,0.0
2020-01-14,GFCC,0.0
2020-01-14,BWCC,0.0
2020-01-14,AFRD2,185.84771309250002
2020-01-14,TFCC,42.23
2020-01-14,SWID,48.185352546373764
2020-01-14,NSCC,327.08
2020-01-15,RCC,0.0
2020-01-15,ASCC,0.0
2020-01-15,NSID,0.0
2020-01-15,IID,0.0
2020-01-15,PID,0.0
2020-01-15,SID,0.0
2020-01-15,SRVID,0.0
2020-01-15,FFIC,0.0
2020-01-15,ECC,0.0
2020-01-15,FMID,0.0
2020-01-15,GFCC,0.0
2020-01-15,BWCC,0.0
2020-01-15,AFRD2,190.41258864000002
2020-01-15,TFCC,42.23
2020-01-15,SWID,48.185352546373764
2020-01-15,NSCC,324.36
2020-01-16,RCC,0.0
2020-01-16,ASCC,0.0
2020-01-16,NSID,0.0
2020-01-16,IID,0.0
2020-01-16,PID,0.0
2020-01-16,SID,0.0
2020-01-16,SRVID,0.0
2020-01-16,FFIC,0.0
2020-01-16,ECC,0.0
2020-01-16,FMID,0.0
2020-01-16,GFCC,0.0
2020-01-16,BWCC,0.0
2020-01-16,AFRD2,209.43269848
2020-01-16,TFCC,42.19
2020-01-16,SWID,48.185352546373764
2020-01-16,NSCC,324.36
2020-01-17,RCC,0.0
2020-01-17,ASCC,0.0
2020-01-17,NSID,0.0
2020-01-17,IID,0.0
2020-01-17,PID,0.0
2020-01-17,SID,0.0
2020-01-17,SRVID,0.0
2020-01-17,FFIC,0.0
2020-01-17,ECC,0.0
2020-01-17,FMID,0.0
2020-01-17,GFCC,0.0
2020-01-17,BWCC,0.0
2020-01-17,AFRD2,183.14563928832
2020-01-17,TFCC,38.39
2020-01-17,SWID,48.185352546373764
2020-01-17,NSCC,321.65
2020-01-18,RCC,0.0
2020-01-18,ASCC,0.0
2020-01-18,NSID,0.0
2020-01-18,IID,0.0
2020-01-18,PID,0.0
2020-01-18,SID,0.0
2020-01-18,SRVID,0.0
2020-01-18,FFIC,0.0
2020-01-18,ECC,0.0
2020-01-18,FMID,0.0
2020-01-18,GFCC,0.0
2020-01-18,BWCC,0.0
2020-01-18,AFRD2,184.04325246358
2020-01-18,TFCC,34.84
2020-01-18,SWID,48.185352546373764
2020-01-18,NSCC,318.94
2020-01-19,RCC,0.0
2020-01-19,ASCC,0.0
2020-01-19,NSID,0.0
2020-01-19,IID,0.0
2020-01-19,PID,0.0
2020-01-19,SID,0.0
2020-01-19,SRVID,0.0
2020-01-19,FFIC,0.0
2020-01-19,ECC,0.0
2020-01-19,FMID,0.0
2020-01-19,GFCC,0.0
2020-01-19,BWCC,0.0
2020-01-19,AFRD2,195.05390704750002
2020-01-19,TFCC,34.38
2020-01-19,SWID,48.185352546373764
2020-01-19,NSCC,316.24
2020-01-20,RCC,0.0
2020-01-20,ASCC,0.0
2020-01-20,NSID,0.0
2020-01-20,IID,0.0
2020-01-20,PID,0.0
2020-01-20,SID,0.0
2020-01-20,SRVID,0.0
2020-01-20,FFIC,0.0
2020-01-20,ECC,0.0
2020-01-20,FMID,0.0
2020-01-20,GFCC,0.0
2020-01-20,BWCC,0.0
2020-01-20,AFRD2,212.38969453498
2020-01-20,TFCC,33.3
2020-01-20,SWID,48.185352546373764
2020-01-20,NSCC,313.55
2020-01-21,RCC,0.0
2020-01-21,ASCC,0.0
2020-01-21,NSID,0.0
2020-01-21,IID,0.0
2020-01-21,PID,0.0
2020-01-21,SID,0.0
2020-01-21,SRVID,0.0
2020-01-21,FFIC,0.0
2020-01-21,ECC,0.0
2020-01-21,FMID,0.0
2020-01-21,GFCC,0.0
2020-01-21,BWCC,0.0
2020-01-21,AFRD2,182.25110828153998
2020-01-21,TFCC,33.28
2020-01-21,SWID,50.097442543970985
2020-01-21,NSCC,313.55
2020-01-22,RCC,0.0
2020-01-22,ASCC,0.0
2020-01-22,NSID,0.0
2020-01-22,IID,0.0
2020-01-22,PID,0.0
2020-01-22,SID,0.0
2020-01-22,SRVID,0.0
2020-01-22,FFIC,0.0
2020-01-22,ECC,0.0
2020-01-22,FMID,0.0
2020-01-22,GFCC,0.0
2020-01-22,BWCC,0.0
2020-01-22,AFRD2,180.47130500046
2020-01-22,TFCC,33.21
2020-01-22,SWID,50.097442543970985
2020-01-22,NSCC,310.87
2020-01-23,RCC,0.0
2020-01-23,ASCC,0.0
2020-01-23,NSID,0.0
2020-01-23,IID,0.0
2020-01-23,PID,0.0
2020-01-23,SID,0.0
2020-01-23,SRVID,0.0
2020-01-23,FFIC,0.0
2020-01-23,ECC,0.0
2020-01-23,FMID,0.0
2020-01-23,GFCC,0.0
2020-01-23,BWCC,0.0
2020-01-23,AFRD2,180.47130500046
2020-01-23,TFCC,33.41
2020-01-23,SWID,50.097442543970985
2020-01-23,NSCC,308.2
2020-01-24,RCC,0.0
2020-01-24,ASCC,0.0
2020-01-24,NSID,0.0
2020-01-24,IID,0.0
2020-01-24,PID,0.0
2020-01-24,SID,0.0
2020-01-24,SRVID,0.0
2020-01-24,FFIC,0.0
2020-01-24,ECC,0.0
2020-01-24,FMID,0.0
2020-01-24,GFCC,0.0
2020-01-24,BWCC,0.0
2020-01-24,AFRD2,180.47130500046
2020-01-24,TFCC,34.33
2020-01-24,SWID,50.097442543970985
2020-01-24,NSCC,310.87
2020-01-25,RCC,0.0
2020-01-25,ASCC,0.0
2020-01-25,NSID,0.0
2020-01-25,IID,0.0
2020-01-25,PID,0.0
2020-01-25,SID,0.0
2020-01-25,SRVID,0.0
2020-01-25,FFIC,0.0
2020-01-25,ECC,0.0
2020-01-25,FMID,0.0
2020-01-25,GFCC,0.0
2020-01-25,BWCC,0.0
2020-01-25,AFRD2,180.47130500046
2020-01-25,TFCC,34.24
2020-01-25,SWID,50.097442543970985
2020-01-25,NSCC,308.2
2020-01-26,RCC,0.0
2020-01-26,ASCC,0.0
2020-01-26,NSID,0.0
2020-01-26,IID,0.0
2020-01-26,PID,0.0
2020-01-26,SID,0.0
2020-01-26,SRVID,0.0
2020-01-26,FFIC,0.0
2020-01-26,ECC,0.0
2020-01-26,FMID,0.0
2020-01-26,GFCC,0.0
2020-01-26,BWCC,0.0
2020-01-26,AFRD2,187.66446571422
2020-01-26,TFCC,33.76
2020-01-26,SWID,50.097442543970985
2020-01-26,NSCC,305.54
2020-01-27,RCC,0.0
2020-01-27,ASCC,0.0
2020-01-27,NSID,0.0
2020-01-27,IID,0.0
2020-01-27,PID,0.0
2020-01-27,SID,0.0
2020-01-27,SRVID,0.0
2020-01-27,FFIC,0.0
2020-01-27,ECC,0.0
2020-01-27,FMID,0.0
2020-01-27,GFCC,0.0
2020-01-27,BWCC,0.0
2020-01-27,AFRD2,203.59969654096
2020-01-27,TFCC,33.18
2020-01-27,SWID,50.097442543970985
2020-01-27,NSCC,302.88
2020-01-28,RCC,0.0
2020-01-28,ASCC,0.0
2020-01-28,NSID,0.0
2020-01-28,IID,0.0
2020-01-28,PID,0.0
2020-01-28,SID,0.0
2020-01-28,SRVID,0.0
2020-01-28,FFIC,0.0
2020-01-28,ECC,0.0
2020-01-28,FMID,0.0
2020-01-28,GFCC,0.0
2020-01-28,BWCC,0.0
2020-01-28,AFRD2,207.47634557808
2020-01-28,TFCC,33.09
2020-01-28,SWID,46.619266597499994
2020-01-28,NSCC,305.54
2020-01-29,RCC,0.0
2020-01-29,ASCC,0.0
2020-01-29,NSID,0.0
2020-01-29,IID,0.0
2020-01-29,PID,0.0
2020-01-29,SID,0.0
2020-01-29,SRVID,0.0
2020-01-29,FFIC,0.0
2020-01-29,ECC,0.0
2020-01-29,FMID,0.0
2020-01-29,GFCC,0.0
2020-01-29,BWCC,0.0
2020-01-29,AFRD2,206.50267163782001
2020-01-29,TFCC,33.16
2020-01-29,SWID,46.619266597499994
2020-01-29,NSCC,305.54
2020-01-30,RCC,0.0
2020-01-30,ASCC,0.0
2020-01-30,NSID,0.0
2020-01-30,IID,0.0
2020-01-30,PID,0.0
2020-01-30,SID,0.0
2020-01-30,SRVID,0.0
2020-01-30,FFIC,0.0
2020-01-30,ECC,0.0
2020-01-30,FMID,0.0
2020-01-30,GFCC,0.0
2020-01-30,BWCC,0.0
2020-01-30,AFRD2,206.50267163782001
2020-01-30,TFCC,33.07
2020-01-30,SWID,46.619266597499994
2020-01-30,NSCC,302.88
2020-01-31,RCC,0.0
2020-01-31,ASCC,0.0
2020-01-31,NSID,0.0
2020-01-31,IID,0.0
2020-01-31,PID,0.0
2020-01-31,SID,0.0
2020-01-31,SRVID,0.0
2020-01-31,FFIC,0.0
2020-01-31,ECC,0.0
2020-01-31,FMID,0.0
2020-01-31,GFCC,0.0
2020-01-31,BWCC,0.0
2020-01-31,AFRD2,206.50267163782001
2020-01-31,TFCC,33.11
2020-01-31,SWID,46.619266597499994
2020-01-31,NSCC,302.88
2020-02-01,RCC,0.0
2020-02-01,ASCC,0.0
2020-02-01,NSID,0.0
2020-02-01,IID,0.0
2020-02-01,PID,0.0
2020-02-01,SID,0.0
2020-02-01,SRVID,0.0
2020-02-01,FFIC,0.0
2020-02-01,ECC,0.0
2020-02-01,FMID,0.0
2020-02-01,GFCC,0.0
2020-02-01,BWCC,0.0
2020-02-01,AFRD2,205.53200344703998
2020-02-01,TFCC,33.07
2020-02-01,SWID,46.619266597499994
2020-02-01,NSCC,302.88
2020-02-02,RCC,0.0
2020-02-02,ASCC,0.0
2020-02-02,NSID,0.0
2020-02-02,IID,0.0
2020-02-02,PID,0.0
2020-02-02,SID,0.0
2020-02-02,SRVID,0.0
2020-02-02,FFIC,0.0
2020-02-02,ECC,0.0
2020-02-02,FMID,0.0
2020-02-02,GFCC,0.0
2020-02-02,BWCC,0.0
2020-02-02,AFRD2,202.63806393918
2020-02-02,TFCC,32.75
2020-02-02,SWID,46.619266597499994
2020-02-02,NSCC,297.59
2020-02-03,RCC,0.0
2020-02-03,ASCC,0.0
2020-02-03,NSID,0.0
2020-02-03,IID,0.0
2020-02-03,PID,0.0
2020-02-03,SID,0.0
2020-02-03,SRVID,0.0
2020-02-03,FFIC,0.0
2020-02-03,ECC,0.0
2020-02-03,FMID,0.0
2020-02-03,GFCC,0.0
2020-02-03,BWCC,0.0
2020-02-03,AFRD2,199.77128622000004
2020-02-03,TFCC,32.78
2020-02-03,SWID,46.618672
2020-02-03,NSCC,294.96
2020-02-04,RCC,0.0
2020-02-04,ASCC,0.0
2020-02-04,NSID,0.0
2020-02-04,IID,0.0
2020-02-04,PID,0.0
2020-02-04,SID,0.0
2020-02-04,SRVID,0.0
2020-02-04,FFIC,0.0
2020-02-04,ECC,0.0
2020-02-04,FMID,0.0
2020-02-04,GFCC,0.0
2020-02-04,BWCC,0.0
2020-02-04,AFRD2,202.63806393918
2020-02-04,TFCC,33.0
2020-02-04,SWID,46.400840439999996
2020-02-04,NSCC,294.96
2020-02-05,RCC,0.0
2020-02-05,ASCC,0.0
2020-02-05,NSID,0.0
2020-02-05,IID,0.0
2020-02-05,PID,0.0
2020-02-05,SID,0.0
2020-02-05,SRVID,0.0
2020-02-05,FFIC,0.0
2020-02-05,ECC,0.0
2020-02-05,FMID,0.0
2020-02-05,GFCC,0.0
2020-02-05,BWCC,0.0
2020-02-05,AFRD2,201.67944931392
2020-02-05,TFCC,32.98
2020-02-05,SWID,46.400840439999996
2020-02-05,NSCC,324.36
2020-02-06,RCC,0.0
2020-02-06,ASCC,0.0
2020-02-06,NSID,0.0
2020-02-06,IID,0.0
2020-02-06,PID,0.0
2020-02-06,SID,0.0
2020-02-06,SRVID,0.0
2020-02-06,FFIC,0.0
2020-02-06,ECC,0.0
2020-02-06,FMID,0.0
2020-02-06,GFCC,0.0
2020-02-06,BWCC,0.0
2020-02-06,AFRD2,197.87523171328002
2020-02-06,TFCC,32.98
2020-02-06,SWID,46.400840439999996
2020-02-06,NSCC,349.14
2020-02-07,RCC,0.0
2020-02-07,ASCC,0.0
2020-02-07,NSID,0.0
2020-02-07,IID,0.0
2020-02-07,PID,0.0
2020-02-07,SID,0.0
2020-02-07,SRVID,0.0
2020-02-07,FFIC,0.0
2020-02-07,ECC,0.0
2020-02-07,FMID,0.0
2020-02-07,GFCC,0.0
2020-02-07,BWCC,0.0
2020-02-07,AFRD2,251.04435911999997
2020-02-07,TFCC,31.34
2020-02-07,SWID,46.400840439999996
2020-02-07,NSCC,412.39
2020-02-08,RCC,0.0
2020-02-08,ASCC,0.0
2020-02-08,NSID,0.0
2020-02-08,IID,0.0
2020-02-08,PID,0.0
2020-02-08,SID,0.0
2020-02-08,SRVID,0.0
2020-02-08,FFIC,0.0
2020-02-08,ECC,0.0
2020-02-08,FMID,0.0
2020-02-08,GFCC,0.0
2020-02-08,BWCC,0.0
2020-02-08,AFRD2,305.80000244001997
2020-02-08,TFCC,32.98
2020-02-08,SWID,46.400840439999996
2020-02-08,NSCC,451.5
2020-02-09,RCC,0.0
2020-02-09,ASCC,0.0
2020-02-09,NSID,0.0
2020-02-09,IID,0.0
2020-02-09,PID,0.0
2020-02-09,SID,0.0
2020-02-09,SRVID,0.0
2020-02-09,FFIC,0.0
2020-02-09,ECC,0.0
2020-02-09,FMID,0.0
2020-02-09,GFCC,0.0
2020-02-09,BWCC,0.0
2020-02-09,AFRD2,359.84366730766
2020-02-09,TFCC,33.07
2020-02-09,SWID,46.400840439999996
2020-02-09,NSCC,466.87
2020-02-10,RCC,0.0
2020-02-10,ASCC,0.0
2020-02-10,NSID,0.0
2020-02-10,IID,0.0
2020-02-10,PID,0.0
2020-02-10,SID,0.0
2020-02-10,SRVID,0.0
2020-02-10,FFIC,0.0
2020-02-10,ECC,0.0
2020-02-10,FMID,0.0
2020-02-10,GFCC,0.0
2020-02-10,BWCC,0.0
2020-02-10,AFRD2,433.08988552374
2020-02-10,TFCC,33.07
2020-02-10,SWID,46.400840439999996
2020-02-10,NSCC,469.96
2020-02-11,RCC,0.0
2020-02-11,ASCC,0.0
2020-02-11,NSID,0.0
2020-02-11,IID,0.0
2020-02-11,PID,0.0
2020-02-11,SID,0.0
2020-02-11,SRVID,0.0
2020-02-11,FFIC,0.0
2020-02-11,ECC,0.0
2020-02-11,FMID,0.0
2020-02-11,GFCC,0.0
2020-02-11,BWCC,0.0
2020-02-11,AFRD2,434.56459131312
2020-02-11,TFCC,33.99
2020-02-11,SWID,51.685144
2020-02-11,NSCC,445.4
2020-02-12,RCC,0.0
2020-02-12,ASCC,0.0
2020-02-12,NSID,0.0
2020-02-12,IID,0.0
2020-02-12,PID,0.0
2020-02-12,SID,0.0
2020-02-12,SRVID,0.0
2020-02-12,FFIC,0.0
2020-02-12,ECC,0.0
2020-02-12,FMID,0.0
2020-02-12,GFCC,0.0
2020-02-12,BWCC,0.0
2020-02-12,AFRD2,435.91854936493814
2020-02-12,TFCC,34.61
2020-02-12,SWID,51.685144
2020-02-12,NSCC,526.38
2020-02-13,RCC,0.0
2020-02-13,ASCC,0.0
2020-02-13,NSID,0.0
2020-02-13,IID,0.0
2020-02-13,PID,0.0
2020-02-13,SID,0.0
2020-02-13,SRVID,0.0
2020-02-13,FFIC,0.0
2020-02-13,ECC,0.0
2020-02-13,FMID,0.0
2020-02-13,GFCC,0.0
2020-02-13,BWCC,0.0
2020-02-13,AFRD2,487.4349482054789
2020-02-13,TFCC,33.87
2020-02-13,SWID,51.685144
2020-02-13,NSCC,565.06
2020-02-14,RCC,0.0
2020-02-14,ASCC,0.0
2020-02-14,NSID,0.0
2020-02-14,IID,0.0
2020-02-14,PID,0.0
2020-02-14,SID,0.0
2020-02-14,SRVID,0.0
2020-02-14,FFIC,0.0
2020-02-14,ECC,0.0
2020-02-14,FMID,0.0
2020-02-14,GFCC,0.0
2020-02-14,BWCC,0.0
2020-02-14,AFRD2,520.5514369674455
2020-02-14,TFCC,34.43
2020-02-14,SWID,51.685144
2020-02-14,NSCC,564.51
2020-02-15,RCC,0.0
2020-02-15,ASCC,0.0
2020-02-15,NSID,0.0
2020-02-15,IID,0.0
2020-02-15,PID,0.0
2020-02-15,SID,0.0
2020-02-15,SRVID,0.0
2020-02-15,FFIC,0.0
2020-02-15,ECC,0.0
2020-02-15,FMID,0.0
2020-02-15,GFCC,0.0
2020-02-15,BWCC,0.0
2020-02-15,AFRD2,523.6361077513343
2020-02-15,TFCC,33.87
2020-02-15,SWID,51.685144
2020-02-15,NSCC,570.58
2020-02-16,RCC,0.0
2020-02-16,ASCC,0.0
2020-02-16,NSID,0.0
2020-02-16,IID,0.0
2020-02-16,PID,0.0
2020-02-16,SID,0.0
2020-02-16,SRVID,0.0
2020-02-16,FFIC,0.0
2020-02-16,ECC,0.0
2020-02-16,FMID,0.0
2020-02-16,GFCC,0.0
2020-02-16,BWCC,0.0
2020-02-16,AFRD2,525.1143264971149
2020-02-16,TFCC,33.08
2020-02-16,SWID,0.0
2020-02-16,NSCC,553.52
2020-02-17,RCC,0.0
2020-02-17,ASCC,0.0
2020-02-17,NSID,0.0
2020-02-17,IID,0.0
2020-02-17,PID,0.0
2020-02-17,SID,0.0
2020-02-17,SRVID,0.0
2020-02-17,FFIC,0.0
2020-02-17,ECC,0.0
2020-02-17,FMID,0.0
2020-02-17,GFCC,0.0
2020-02-17,BWCC,0.0
2020-02-17,AFRD2,549.4343131286297
2020-02-17,TFCC,35.16
2020-02-17,SWID,0.0
2020-02-17,NSCC,546.42
2020-02-18,RCC,0.0
2020-02-18,ASCC,0.0
2020-02-18,NSID,0.0
2020-02-18,IID,0.0
2020-02-18,PID,0.0
2020-02-18,SID,0.0
2020-02-18,SRVID,0.0
2020-02-18,FFIC,0.0
2020-02-18,ECC,0.0
2020-02-18,FMID,0.0
2020-02-18,GFCC,0.0
2020-02-18,BWCC,0.0
2020-02-18,AFRD2,609.9955200871597
2020-02-18,TFCC,34.4
2020-02-18,SWID,0.0
2020-02-18,NSCC,549.15
2020-02-19,RCC,0.0
2020-02-19,ASCC,0.0
2020-02-19,NSID,0.0
2020-02-19,IID,0.0
2020-02-19,PID,0.0
2020-02-19,SID,0.0
2020-02-19,SRVID,0.0
2020-02-19,FFIC,0.0
2020-02-19,ECC,0.0
2020-02-19,FMID,0.0
2020-02-19,GFCC,0.0
2020-02-19,BWCC,0.0
2020-02-19,AFRD2,666.0960339984888
2020-02-19,TFCC,35.09
2020-02-19,SWID,0.0
2020-02-19,NSCC,551.88
2020-02-20,RCC,0.0
2020-02-20,ASCC,0.0
2020-02-20,NSID,0.0
2020-02-20,IID,0.0
2020-02-20,PID,0.0
2020-02-20,SID,0.0
2020-02-20,SRVID,0.0
2020-02-20,FFIC,0.0
2020-02-20,ECC,0.0
2020-02-20,FMID,0.0
2020-02-20,GFCC,0.0
2020-02-20,BWCC,0.0
2020-02-20,AFRD2,676.7236013542494
2020-02-20,TFCC,33.67
2020-02-20,SWID,0.0
2020-02-20,NSCC,551.33
2020-02-21,RCC,0.0
2020-02-21,ASCC,0.0
2020-02-21,NSID,0.0
2020-02-21,IID,0.0
2020-02-21,PID,0.0
2020-02-21,SID,0.0
2020-02-21,SRVID,0.0
2020-02-21,FFIC,0.0
2020-02-21,ECC,0.0
2020-02-21,FMID,0.0
2020-02-21,GFCC,0.0
2020-02-21,BWCC,0.0
2020-02-21,AFRD2,722.2361711587337
2020-02-21,TFCC,33.07
2020-02-21,SWID,0.0
2020-02-21,NSCC,547.51
2020-02-22,RCC,0.0
2020-02-22,ASCC,0.0
2020-02-22,NSID,0.0
2020-02-22,IID,0.0
2020-02-22,PID,0.0
2020-02-22,SID,0.0
2020-02-22,SRVID,0.0
2020-02-22,FFIC,0.0
2020-02-22,ECC,0.0
2020-02-22,FMID,0.0
2020-02-22,GFCC,0.0
2020-02-22,BWCC,0.0
2020-02-22,AFRD2,765.1457070609653
2020-02-22,TFCC,33.07
2020-02-22,SWID,0.0
2020-02-22,NSCC,543.69
2020-02-23,RCC,0.0
2020-02-23,ASCC,0.0
2020-02-23,NSID,0.0
2020-02-23,IID,0.0
2020-02-23,PID,0.0
2020-02-23,SID,0.0
2020-02-23,SRVID,0.0
2020-02-23,FFIC,0.0
2020-02-23,ECC,0.0
2020-02-23,FMID,0.0
2020-02-23,GFCC,0.0
2020-02-23,BWCC,0.0
2020-02-23,AFRD2,768.7788968506468
2020-02-23,TFCC,33.11
2020-02-23,SWID,0.0
2020-02-23,NSCC,546.42
2020-02-24,RCC,0.0
2020-02-24,ASCC,0.0
2020-02-24,NSID,0.0
2020-02-24,IID,0.0
2020-02-24,PID,0.0
2020-02-24,SID,0.0
2020-02-24,SRVID,0.0
2020-02-24,FFIC,0.0
2020-02-24,ECC,0.0
2020-02-24,FMID,0.0
2020-02-24,GFCC,0.0
2020-02-24,BWCC,0.0
2020-02-24,AFRD2,753.5023798315921
2020-02-24,TFCC,33.12
2020-02-24,SWID,0.0
2020-02-24,NSCC,542.61
2020-02-25,RCC,0.0
2020-02-25,ASCC,0.0
2020-02-25,NSID,0.0
2020-02-25,IID,0.0
2020-02-25,PID,0.0
2020-02-25,SID,0.0
2020-02-25,SRVID,0.0
2020-02-25,FFIC,0.0
2020-02-25,ECC,0.0
2020-02-25,FMID,0.0
2020-02-25,GFCC,0.0
2020-02-25,BWCC,0.0
2020-02-25,AFRD2,830.09244990529
2020-02-25,TFCC,33.05
2020-02-25,SWID,0.0
2020-02-25,NSCC,545.33
2020-02-26,RCC,0.0
2020-02-26,ASCC,0.0
2020-02-26,NSID,0.0
2020-02-26,IID,0.0
2020-02-26,PID,0.0
2020-02-26,SID,0.0
2020-02-26,SRVID,0.0
2020-02-26,FFIC,0.0
2020-02-26,ECC,0.0
2020-02-26,FMID,0.0
2020-02-26,GFCC,0.0
2020-02-26,BWCC,0.0
2020-02-26,AFRD2,964.612697522307
2020-02-26,TFCC,33.07
2020-02-26,SWID,0.0
2020-02-26,NSCC,551.33
2020-02-27,RCC,0.0
2020-02-27,ASCC,0.0
2020-02-27,NSID,0.0
2020-02-27,IID,0.0
2020-02-27,PID,0.0
2020-02-27,SID,0.0
2020-02-27,SRVID,0.0
2020-02-27,FFIC,0.0
2020-02-27,ECC,0.0
2020-02-27,FMID,0.0
2020-02-27,GFCC,0.0
2020-02-27,BWCC,0.0
2020-02-27,AFRD2,976.8511593124857
2020-02-27,TFCC,33.18
2020-02-27,SWID,0.0
2020-02-27,NSCC,557.36
2020-02-28,RCC,0.0
2020-02-28,ASCC,0.0
2020-02-28,NSID,0.0
2020-02-28,IID,0.0
2020-02-28,PID,63.9
2020-02-28,SID,0.0
2020-02-28,SRVID,0.0
2020-02-28,FFIC,0.0
2020-02-28,ECC,0.0
2020-02-28,FMID,44.0
2020-02-28,GFCC,0.0
2020-02-28,BWCC,0.0
2020-02-28,AFRD2,984.9819500447255
2020-02-28,TFCC,33.76
2020-02-28,SWID,0.0
2020-02-28,NSCC,560.1
2020-02-29,RCC,0.0
2020-02-29,ASCC,0.0
2020-02-29,NSID,0.0
2020-02-29,IID,0.0
2020-02-29,PID,30.9
2020-02-29,SID,0.0
2020-02-29,SRVID,0.0
2020-02-29,FFIC,0.0
2020-02-29,ECC,0.0
2020-02-29,FMID,44.0
2020-02-29,GFCC,0.0
2020-02-29,BWCC,0.0
2020-02-29,AFRD2,986.8882445149139
2020-02-29,TFCC,33.21
2020-02-29,SWID,0.0
2020-02-29,NSCC,556.26
2020-03-01,RCC,0.0
2020-03-01,ASCC,0.0
2020-03-01,NSID,0.0
2020-03-01,IID,0.0
2020-03-01,PID,30.9
2020-03-01,SID,0.0
2020-03-01,SRVID,0.0
2020-03-01,FFIC,0.0
2020-03-01,ECC,0.0
2020-03-01,FMID,44.0
2020-03-01,GFCC,0.0
2020-03-01,BWCC,0.0
2020-03-01,AFRD2,986.7148929628607
2020-03-01,TFCC,33.09
2020-03-01,SWID,0.0
2020-03-01,NSCC,555.71
2020-03-02,RCC,7.3
2020-03-02,ASCC,0.0
2020-03-02,NSID,0.0
2020-03-02,IID,0.0
2020-03-02,PID,46.3
2020-03-02,SID,0.0
2020-03-02,SRVID,0.0
2020-03-02,FFIC,0.0
2020-03-02,ECC,0.0
2020-03-02,FMID,44.0
2020-03-02,GFCC,0.0
2020-03-02,BWCC,0.0
2020-03-02,AFRD2,980.3082350319092
2020-03-02,TFCC,33.07
2020-03-02,SWID,0.0
2020-03-02,NSCC,555.0794050920091
2020-03-03,RCC,7.3
2020-03-03,ASCC,0.0
2020-03-03,NSID,0.0
2020-03-03,IID,0.0
2020-03-03,PID,57.8
2020-03-03,SID,0.0
2020-03-03,SRVID,0.0
2020-03-03,FFIC,0.0
2020-03-03,ECC,0.0
2020-03-03,FMID,61.0
2020-03-03,GFCC,0.0
2020-03-03,BWCC,0.0
2020-03-03,AFRD2,973.9159614082843
2020-03-03,TFCC,32.33
2020-03-03,SWID,0.0
2020-03-03,NSCC,555.0794050920091
2020-03-04,RCC,7.3
2020-03-04,ASCC,0.0
2020-03-04,NSID,0.0
2020-03-04,IID,0.0
2020-03-04,PID,46.3
2020-03-04,SID,0.0
2020-03-04,SRVID,0.0
2020-03-04,FFIC,0.0
2020-03-04,ECC,0.0
2020-03-04,FMID,78.5
2020-03-04,GFCC,0.0
2020-03-04,BWCC,0.0
2020-03-04,AFRD2,979.9623384932564
2020-03-04,TFCC,32.55
2020-03-04,SWID,0.0
2020-03-04,NSCC,557.0960423493824
2020-03-05,RCC,7.3
2020-03-05,ASCC,0.0
2020-03-05,NSID,0.0
2020-03-05,IID,0.0
2020-03-05,PID,46.3
2020-03-05,SID,0.0
2020-03-05,SRVID,0.0
2020-03-05,FFIC,0.0
2020-03-05,ECC,0.0
2020-03-05,FMID,85.5
2020-03-05,GFCC,0.0
2020-03-05,BWCC,0.0
2020-03-05,AFRD2,1000.6158759030146
2020-03-05,TFCC,43.34
2020-03-05,SWID,0.0
2020-03-05,NSCC,557.0960423493824
2020-03-06,RCC,7.3
2020-03-06,ASCC,0.0
2020-03-06,NSID,0.0
2020-03-06,IID,0.0
2020-03-06,PID,70.2
2020-03-06,SID,0.0
2020-03-06,SRVID,0.0
2020-03-06,FFIC,0.0
2020-03-06,ECC,0.0
2020-03-06,FMID,88.5
2020-03-06,GFCC,0.0
2020-03-06,BWCC,0.0
2020-03-06,AFRD2,1027.7358161317547
2020-03-06,TFCC,38.14
2020-03-06,SWID,0.0
2020-03-06,NSCC,556.0877237206957
2020-03-07,RCC,7.3
2020-03-07,ASCC,0.0
2020-03-07,NSID,0.0
2020-03-07,IID,0.0
2020-03-07,PID,89.1
2020-03-07,SID,0.0
2020-03-07,SRVID,0.0
2020-03-07,FFIC,0.0
2020-03-07,ECC,0.0
2020-03-07,FMID,86.0
2020-03-07,GFCC,0.0
2020-03-07,BWCC,0.0
2020-03-07,AFRD2,1031.78074803453
2020-03-07,TFCC,35.54
2020-03-07,SWID,0.0
2020-03-07,NSCC,556.0877237206957
2020-03-08,RCC,7.3
2020-03-08,ASCC,0.0
2020-03-08,NSID,0.0
2020-03-08,IID,0.0
2020-03-08,PID,89.1
2020-03-08,SID,0.0
2020-03-08,SRVID,0.0
2020-03-08,FFIC,0.0
2020-03-08,ECC,0.0
2020-03-08,FMID,65.0
2020-03-08,GFCC,0.0
2020-03-08,BWCC,0.0
2020-03-08,AFRD2,1035.8309621729154
2020-03-08,TFCC,34.22
2020-03-08,SWID,0.0
2020-03-08,NSCC,562.1376354928157
2020-03-09,RCC,8.5
2020-03-09,ASCC,0.0
2020-03-09,NSID,0.0
2020-03-09,IID,0.0
2020-03-09,PID,117.2
2020-03-09,SID,0.0
2020-03-09,SRVID,0.0
2020-03-09,FFIC,0.0
2020-03-09,ECC,0.0
2020-03-09,FMID,65.0
2020-03-09,GFCC,0.0
2020-03-09,BWCC,0.0
2020-03-09,AFRD2,1140.9203639419813
2020-03-09,TFCC,46.44
2020-03-09,SWID,0.0
2020-03-09,NSCC,708.8479959667254
2020-03-10,RCC,9.7
2020-03-10,ASCC,0.0
2020-03-10,NSID,0.0
2020-03-10,IID,0.0
2020-03-10,PID,136.3
2020-03-10,SID,0.0
2020-03-10,SRVID,0.0
2020-03-10,FFIC,0.0
2020-03-10,ECC,0.0
2020-03-10,FMID,68.0
2020-03-10,GFCC,169.42
2020-03-10,BWCC,0.0
2020-03-10,AFRD2,1264.7861738303611
2020-03-10,TFCC,49.83
2020-03-10,SWID,0.0
2020-03-10,NSCC,745.1474665994455
2020-03-11,RCC,18.2
2020-03-11,ASCC,0.0
2020-03-11,NSID,0.0
2020-03-11,IID,0.0
2020-03-11,PID,93.3
2020-03-11,SID,0.0
2020-03-11,SRVID,0.0
2020-03-11,FFIC,0.0
2020-03-11,ECC,0.0
2020-03-11,FMID,80.0
2020-03-11,GFCC,200.0
2020-03-11,BWCC,0.0
2020-03-11,AFRD2,1260.1055562516715
2020-03-11,TFCC,50.74
2020-03-11,SWID,0.0
2020-03-11,NSCC,748.1724224855054
2020-03-12,RCC,18.2
2020-03-12,ASCC,0.0
2020-03-12,NSID,0.0
2020-03-12,IID,0.0
2020-03-12,PID,139.6
2020-03-12,SID,0.0
2020-03-12,SRVID,0.0
2020-03-12,FFIC,0.0
2020-03-12,ECC,0.0
2020-03-12,FMID,91.0
2020-03-12,GFCC,200.0
2020-03-12,BWCC,0.0
2020-03-12,AFRD2,1244.2279158614767
2020-03-12,TFCC,52.15
2020-03-12,SWID,0.0
2020-03-12,NSCC,918.0741114192084
2020-03-13,RCC,18.2
2020-03-13,ASCC,0.0
2020-03-13,NSID,0.0
2020-03-13,IID,0.0
2020-03-13,PID,142.9
2020-03-13,SID,0.0
2020-03-13,SRVID,0.0
2020-03-13,FFIC,0.0
2020-03-13,ECC,0.0
2020-03-13,FMID,146.0
2020-03-13,GFCC,200.0
2020-03-13,BWCC,0.0
2020-03-13,AFRD2,1257.4865283317813
2020-03-13,TFCC,54.87
2020-03-13,SWID,0.0
2020-03-13,NSCC,1013.8643811444416
2020-03-14,RCC,18.2
2020-03-14,ASCC,0.0
2020-03-14,NSID,0.0
2020-03-14,IID,0.0
2020-03-14,PID,160.0
2020-03-14,SID,0.0
2020-03-14,SRVID,0.0
2020-03-14,FFIC,0.0
2020-03-14,ECC,0.0
2020-03-14,FMID,163.0
2020-03-14,GFCC,200.0
2020-03-14,BWCC,0.0
2020-03-14,AFRD2,1275.288224206055
2020-03-14,TFCC,67.95
2020-03-14,SWID,0.0
2020-03-14,NSCC,712.3771111671288
2020-03-15,RCC,18.2
2020-03-15,ASCC,0.0
2020-03-15,NSID,0.0
2020-03-15,IID,0.0
2020-03-15,PID,139.6
2020-03-15,SID,0.0
2020-03-15,SRVID,0.0
2020-03-15,FFIC,0.0
2020-03-15,ECC,0.0
2020-03-15,FMID,182.0
2020-03-15,GFCC,200.0
2020-03-15,BWCC,0.0
2020-03-15,AFRD2,1275.1004773035584
2020-03-15,TFCC,68.76
2020-03-15,SWID,0.0
2020-03-15,NSCC,668.0110915049155
2020-03-16,RCC,18.2
2020-03-16,ASCC,0.0
2020-03-16,NSID,0.0
2020-03-16,IID,0.0
2020-03-16,PID,161.8
2020-03-16,SID,0.0
2020-03-16,SRVID,10.65
2020-03-16,FFIC,0.0
2020-03-16,ECC,0.0
2020-03-16,FMID,182.0
2020-03-16,GFCC,200.0
2020-03-16,BWCC,0.0
2020-03-16,AFRD2,1272.660459667655
2020-03-16,TFCC,68.7
2020-03-16,SWID,0.0
2020-03-16,NSCC,736.0725989412654
2020-03-17,RCC,18.2
2020-03-17,ASCC,0.0
2020-03-17,NSID,7.411141920846987
2020-03-17,IID,0.0
2020-03-17,PID,188.8
2020-03-17,SID,0.0
2020-03-17,SRVID,21.3
2020-03-17,FFIC,0.0
2020-03-17,ECC,0.0
2020-03-17,FMID,197.0
2020-03-17,GFCC,200.0
2020-03-17,BWCC,0.0
2020-03-17,AFRD2,1288.2610793802573
2020-03-17,TFCC,67.68
2020-03-17,SWID,0.0
2020-03-17,NSCC,726.9977312830854
2020-03-18,RCC,18.2
2020-03-18,ASCC,0.0
2020-03-18,NSID,27.93042601462062
2020-03-18,IID,0.0
2020-03-18,PID,188.8
2020-03-18,SID,0.0
2020-03-18,SRVID,21.3
2020-03-18,FFIC,7.392
2020-03-18,ECC,0.0
2020-03-18,FMID,203.0
2020-03-18,GFCC,200.0
2020-03-18,BWCC,0.0
2020-03-18,AFRD2,1354.03072645824
2020-03-18,TFCC,66.97
2020-03-18,SWID,0.0
2020-03-18,NSCC,725.9894126543987
2020-03-19,RCC,18.2
2020-03-19,ASCC,0.0
2020-03-19,NSID,48.44971010839425
2020-03-19,IID,0.0
2020-03-19,PID,188.8
2020-03-19,SID,0.0
2020-03-19,SRVID,21.3
2020-03-19,FFIC,24.810000000000002
2020-03-19,ECC,0.0
2020-03-19,FMID,248.0
2020-03-19,GFCC,200.0
2020-03-19,BWCC,0.0
2020-03-19,AFRD2,1402.318097194353
2020-03-19,TFCC,65.86
2020-03-19,SWID,0.0
2020-03-19,NSCC,721.9561381396521
2020-03-20,RCC,18.2
2020-03-20,ASCC,0.0
2020-03-20,NSID,68.96899420216789
2020-03-20,IID,0.0
2020-03-20,PID,188.8
2020-03-20,SID,0.0
2020-03-20,SRVID,21.3
2020-03-20,FFIC,24.810000000000002
2020-03-20,ECC,0.0
2020-03-20,FMID,273.0
2020-03-20,GFCC,200.0
2020-03-20,BWCC,0.0
2020-03-20,AFRD2,1451.0143417319186
2020-03-20,TFCC,0.0
2020-03-20,SWID,27.92870905111111
2020-03-20,NSCC,721.9561381396521
2020-03-21,RCC,28.65
2020-03-21,ASCC,0.0
2020-03-21,NSID,87.97580035291152
2020-03-21,IID,0.0
2020-03-21,PID,188.8
2020-03-21,SID,0.0
2020-03-21,SRVID,21.3
2020-03-21,FFIC,24.810000000000002
2020-03-21,ECC,0.0
2020-03-21,FMID,322.0
2020-03-21,GFCC,200.0
2020-03-21,BWCC,0.0
2020-03-21,AFRD2,1444.0337762778422
2020-03-21,TFCC,0.0
2020-03-21,SWID,27.92870905111111
2020-03-21,NSCC,717.9228636249054
2020-03-22,RCC,28.65
2020-03-22,ASCC,0.0
2020-03-22,NSID,91.00075623897152
2020-03-22,IID,0.0
2020-03-22,PID,188.8
2020-03-22,SID,0.0
2020-03-22,SRVID,21.3
2020-03-22,FFIC,24.810000000000002
2020-03-22,ECC,0.0
2020-03-22,FMID,322.0
2020-03-22,GFCC,200.0
2020-03-22,BWCC,0.0
2020-03-22,AFRD2,1432.416983247248
2020-03-22,TFCC,0.0
2020-03-22,SWID,27.92870905111111
2020-03-22,NSCC,713.8895891101588
2020-03-23,RCC,28.65
2020-03-23,ASCC,0.0
2020-03-23,NSID,91.00075623897152
2020-03-23,IID,0.0
2020-03-23,PID,200.0
2020-03-23,SID,0.0
2020-03-23,SRVID,21.3
2020-03-23,FFIC,14.11
2020-03-23,ECC,0.0
2020-03-23,FMID,355.0
2020-03-23,GFCC,200.0
2020-03-23,BWCC,0.0
2020-03-23,AFRD2,1427.7764536647146
2020-03-23,TFCC,0.0
2020-03-23,SWID,27.92870905111111
2020-03-23,NSCC,713.8895891101588
2020-03-24,RCC,28.65
2020-03-24,ASCC,0.0
2020-03-24,NSID,92.66448197630451
2020-03-24,IID,0.0
2020-03-24,PID,200.0
2020-03-24,SID,0.0
2020-03-24,SRVID,21.3
2020-03-24,FFIC,23.07
2020-03-24,ECC,0.0
2020-03-24,FMID,366.0
2020-03-24,GFCC,200.0
2020-03-24,BWCC,0.0
2020-03-24,AFRD2,1423.139498199286
2020-03-24,TFCC,0.0
2020-03-24,SWID,27.92870905111111
2020-03-24,NSCC,709.8563145954122
2020-03-25,RCC,28.65
2020-03-25,ASCC,0.0
2020-03-25,NSID,77.59011847743888
2020-03-25,IID,0.0
2020-03-25,PID,200.0
2020-03-25,SID,0.0
2020-03-25,SRVID,21.3
2020-03-25,FFIC,26.55
2020-03-25,ECC,0.0
2020-03-25,FMID,401.0
2020-03-25,GFCC,200.0
2020-03-25,BWCC,0.0
2020-03-25,AFRD2,1446.3597571803969
2020-03-25,TFCC,0.0
2020-03-25,SWID,27.92870905111111
2020-03-25,NSCC,702.2939248802621
2020-03-26,RCC,28.65
2020-03-26,ASCC,0.0
2020-03-26,NSID,84.29543735820519
2020-03-26,IID,0.0
2020-03-26,PID,200.0
2020-03-26,SID,0.0
2020-03-26,SRVID,21.3
2020-03-26,FFIC,29.5
2020-03-26,ECC,0.0
2020-03-26,FMID,411.0
2020-03-26,GFCC,200.0
2020-03-26,BWCC,0.0
2020-03-26,AFRD2,1441.7086519824952
2020-03-26,TFCC,0.0
2020-03-26,SWID,27.92870905111111
2020-03-26,NSCC,486.0095790269725
2020-03-27,RCC,29.51
2020-03-27,ASCC,0.0
2020-03-27,NSID,93.8744643307285
2020-03-27,IID,0.0
2020-03-27,PID,200.0
2020-03-27,SID,0.0
2020-03-27,SRVID,33.0
2020-03-27,FFIC,29.58
2020-03-27,ECC,0.0
2020-03-27,FMID,416.0
2020-03-27,GFCC,300.0
2020-03-27,BWCC,0.0
2020-03-27,AFRD2,1455.6723700799998
2020-03-27,TFCC,0.0
2020-03-27,SWID,27.92870905111111
2020-03-27,NSCC,486.0095790269725
2020-03-28,RCC,30.98
2020-03-28,ASCC,0.0
2020-03-28,NSID,87.06831358709351
2020-03-28,IID,0.0
2020-03-28,PID,200.0
2020-03-28,SID,0.0
2020-03-28,SRVID,33.0
2020-03-28,FFIC,32.28
2020-03-28,ECC,0.0
2020-03-28,FMID,411.0
2020-03-28,GFCC,300.0
2020-03-28,BWCC,0.0
2020-03-28,AFRD2,1458.00267230214
2020-03-28,TFCC,0.0
2020-03-28,SWID,27.92870905111111
2020-03-28,NSCC,486.0095790269725
2020-03-29,RCC,31.54
2020-03-29,ASCC,0.0
2020-03-29,NSID,62.314091252835894
2020-03-29,IID,0.0
2020-03-29,PID,200.0
2020-03-29,SID,0.0
2020-03-29,SRVID,33.0
2020-03-29,FFIC,34.11
2020-03-29,ECC,0.0
2020-03-29,FMID,412.0
2020-03-29,GFCC,300.0
2020-03-29,BWCC,0.0
2020-03-29,AFRD2,1458.00267230214
2020-03-29,TFCC,0.0
2020-03-29,SWID,27.92870905111111
2020-03-29,NSCC,486.0095790269725
2020-03-30,RCC,31.85
2020-03-30,ASCC,0.0
2020-03-30,NSID,61.00327703554323
2020-03-30,IID,0.0
2020-03-30,PID,200.0
2020-03-30,SID,0.0
2020-03-30,SRVID,33.0
2020-03-30,FFIC,36.39
2020-03-30,ECC,0.0
2020-03-30,FMID,435.0
2020-03-30,GFCC,300.0
2020-03-30,BWCC,0.0
2020-03-30,AFRD2,1455.6723700799998
2020-03-30,TFCC,0.0
2020-03-30,SWID,27.92870905111111
2020-03-30,NSCC,486.0095790269725
2020-03-31,RCC,32.25
2020-03-31,ASCC,0.0
2020-03-31,NSID,82.98462314091252
2020-03-31,IID,0.0
2020-03-31,PID,200.0
2020-03-31,SID,0.0
2020-03-31,SRVID,33.0
2020-03-31,FFIC,37.21
2020-03-31,ECC,0.0
2020-03-31,FMID,444.0
2020-03-31,GFCC,300.0
2020-03-31,BWCC,0.0
2020-03-31,AFRD2,1413.8764129531198
2020-03-31,TFCC,0.0
2020-03-31,SWID,53.61046775724556
2020-03-31,NSCC,486.0095790269725
2020-04-01,RCC,32.33
2020-04-01,ASCC,0.0
2020-04-01,NSID,84.29543735820519
2020-04-01,IID,0.0
2020-04-01,PID,200.0
2020-04-01,SID,0.0
2020-04-01,SRVID,33.0
2020-04-01,FFIC,39.76
2020-04-01,ECC,0.0
2020-04-01,FMID,439.0
2020-04-01,GFCC,300.0
2020-04-01,BWCC,0.0
2020-04-01,AFRD2,1381.57179197568
2020-04-01,TFCC,0.0
2020-04-01,SWID,53.61046775724556
2020-04-01,NSCC,486.0095790269725
2020-04-02,RCC,30.19
2020-04-02,ASCC,0.0
2020-04-02,NSID,84.29543735820519
2020-04-02,IID,0.0
2020-04-02,PID,200.0
2020-04-02,SID,0.0
2020-04-02,SRVID,33.0
2020-04-02,FFIC,40.52
2020-04-02,ECC,0.0
2020-04-02,FMID,368.0
2020-04-02,GFCC,300.0
2020-04-02,BWCC,0.0
2020-04-02,AFRD2,1379.2713796804198
2020-04-02,TFCC,0.0
2020-04-02,SWID,53.61046775724556
2020-04-02,NSCC,486.0095790269725
2020-04-03,RCC,30.01
2020-04-03,ASCC,0.0
2020-04-03,NSID,85.6566675069322
2020-04-03,IID,0.0
2020-04-03,PID,199.7
2020-04-03,SID,0.0
2020-04-03,SRVID,33.0
2020-04-03,FFIC,42.68
2020-04-03,ECC,0.0
2020-04-03,FMID,368.0
2020-04-03,GFCC,300.0
2020-04-03,BWCC,0.0
2020-04-03,AFRD2,1390.7829572243202
2020-04-03,TFCC,0.0
2020-04-03,SWID,53.61046775724556
2020-04-03,NSCC,486.0095790269725
2020-04-04,RCC,27.87
2020-04-04,ASCC,0.0
2020-04-04,NSID,85.6566675069322
2020-04-04,IID,0.0
2020-04-04,PID,200.0
2020-04-04,SID,0.0
2020-04-04,SRVID,33.0
2020-04-04,FFIC,44.29
2020-04-04,ECC,0.0
2020-04-04,FMID,437.0
2020-04-04,GFCC,300.0
2020-04-04,BWCC,0.0
2020-04-04,AFRD2,1395.39420669456
2020-04-04,TFCC,0.0
2020-04-04,SWID,53.61046775724556
2020-04-04,NSCC,486.0095790269725
2020-04-05,RCC,27.94
2020-04-05,ASCC,0.0
2020-04-05,NSID,85.50541971262919
2020-04-05,IID,0.0
2020-04-05,PID,200.0
2020-04-05,SID,0.0
2020-04-05,SRVID,33.0
2020-04-05,FFIC,44.29
2020-04-05,ECC,0.0
2020-04-05,FMID,430.0
2020-04-05,GFCC,300.0
2020-04-05,BWCC,0.0
2020-04-05,AFRD2,1397.7012374424999
2020-04-05,TFCC,0.0
2020-04-05,SWID,53.61046775724556
2020-04-05,NSCC,486.0095790269725
2020-04-06,RCC,27.08
2020-04-06,ASCC,0.0
2020-04-06,NSID,88.47995966725485
2020-04-06,IID,0.0
2020-04-06,PID,198.21
2020-04-06,SID,0.0
2020-04-06,SRVID,33.0
2020-04-06,FFIC,46.17
2020-04-06,ECC,0.0
2020-04-06,FMID,442.0
2020-04-06,GFCC,300.0
2020-04-06,BWCC,0.0
2020-04-06,AFRD2,1402.3180956802198
2020-04-06,TFCC,0.0
2020-04-06,SWID,53.61046775724556
2020-04-06,NSCC,486.0095790269725
2020-04-07,RCC,23.68
2020-04-07,ASCC,0.0
2020-04-07,NSID,89.8916057474162
2020-04-07,IID,0.0
2020-04-07,PID,200.0
2020-04-07,SID,0.0
2020-04-07,SRVID,35.0
2020-04-07,FFIC,48.12
2020-04-07,ECC,0.0
2020-04-07,FMID,442.0
2020-04-07,GFCC,300.0
2020-04-07,BWCC,0.0
2020-04-07,AFRD2,1402.3180956802198
2020-04-07,TFCC,0.0
2020-04-07,SWID,33.27246926666666
2020-04-07,NSCC,486.0095790269725
2020-04-08,RCC,21.6
2020-04-08,ASCC,0.0
2020-04-08,NSID,87.6228888328712
2020-04-08,IID,0.0
2020-04-08,PID,200.0
2020-04-08,SID,0.0
2020-04-08,SRVID,35.0
2020-04-08,FFIC,48.63
2020-04-08,ECC,0.0
2020-04-08,FMID,442.0
2020-04-08,GFCC,300.0
2020-04-08,BWCC,0.0
2020-04-08,AFRD2,1147.1790364982307
2020-04-08,TFCC,0.0
2020-04-08,SWID,33.27246926666666
2020-04-08,NSCC,558.0
2020-04-09,RCC,25.72
2020-04-09,ASCC,0.0
2020-04-09,NSID,87.6228888328712
2020-04-09,IID,0.0
2020-04-09,PID,200.0
2020-04-09,SID,0.0
2020-04-09,SRVID,35.0
2020-04-09,FFIC,49.15
2020-04-09,ECC,0.0
2020-04-09,FMID,442.0
2020-04-09,GFCC,300.0
2020-04-09,BWCC,0.0
2020-04-09,AFRD2,1080.9897782494363
2020-04-09,TFCC,0.0
2020-04-09,SWID,33.27246926666666
2020-04-09,NSCC,558.0
2020-04-10,RCC,31.09
2020-04-10,ASCC,0.0
2020-04-10,NSID,91.30325182757751
2020-04-10,IID,0.0
2020-04-10,PID,200.0
2020-04-10,SID,0.0
2020-04-10,SRVID,42.4
2020-04-10,FFIC,54.94
2020-04-10,ECC,0.0
2020-04-10,FMID,442.0
2020-04-10,GFCC,300.0
2020-04-10,BWCC,0.0
2020-04-10,AFRD2,1016.9326377328538
2020-04-10,TFCC,0.0
2020-04-10,SWID,33.27246926666666
2020-04-10,NSCC,558.0
2020-04-11,RCC,27.41
2020-04-11,ASCC,0.0
2020-04-11,NSID,81.5729770607512
2020-04-11,IID,0.0
2020-04-11,PID,200.0
2020-04-11,SID,0.0
2020-04-11,SRVID,42.4
2020-04-11,FFIC,62.12
2020-04-11,ECC,0.0
2020-04-11,FMID,442.0
2020-04-11,GFCC,300.0
2020-04-11,BWCC,0.0
2020-04-11,AFRD2,1002.5186536502581
2020-04-11,TFCC,0.0
2020-04-11,SWID,33.27246926666666
2020-04-11,NSCC,558.0
2020-04-12,RCC,27.22
2020-04-12,ASCC,0.0
2020-04-12,NSID,80.16133098058987
2020-04-12,IID,0.0
2020-04-12,PID,200.0
2020-04-12,SID,0.0
2020-04-12,SRVID,42.4
2020-04-12,FFIC,68.11
2020-04-12,ECC,0.0
2020-04-12,FMID,442.0
2020-04-12,GFCC,300.0
2020-04-12,BWCC,0.0
2020-04-12,AFRD2,1012.272305561463
2020-04-12,TFCC,0.0
2020-04-12,SWID,33.27246926666666
2020-04-12,NSCC,558.0
2020-04-13,RCC,26.51
2020-04-13,ASCC,0.0
2020-04-13,NSID,78.90093269473154
2020-04-13,IID,0.0
2020-04-13,PID,200.0
2020-04-13,SID,0.0
2020-04-13,SRVID,42.4
2020-04-13,FFIC,73.76
2020-04-13,ECC,0.0
2020-04-13,FMID,442.0
2020-04-13,GFCC,300.0
2020-04-13,BWCC,0.0
2020-04-13,AFRD2,1018.4639188735362
2020-04-13,TFCC,0.0
2020-04-13,SWID,33.272952
2020-04-13,NSCC,480.0
2020-04-14,RCC,25.7
2020-04-14,ASCC,0.0
2020-04-14,NSID,89.8916057474162
2020-04-14,IID,0.0
2020-04-14,PID,200.0
2020-04-14,SID,0.0
2020-04-14,SRVID,42.4
2020-04-14,FFIC,73.08
2020-04-14,ECC,0.0
2020-04-14,FMID,442.0
2020-04-14,GFCC,300.0
2020-04-14,BWCC,0.0
2020-04-14,AFRD2,650.0
2020-04-14,TFCC,0.0
2020-04-14,SWID,24.717411638555557
2020-04-14,NSCC,480.0
2020-04-15,RCC,21.31
2020-04-15,ASCC,0.0
2020-04-15,NSID,89.8916057474162
2020-04-15,IID,0.0
2020-04-15,PID,200.0
2020-04-15,SID,0.0
2020-04-15,SRVID,42.4
2020-04-15,FFIC,67.25
2020-04-15,ECC,0.0
2020-04-15,FMID,442.0
2020-04-15,GFCC,300.0
2020-04-15,BWCC,0.0
2020-04-15,AFRD2,650.0
2020-04-15,TFCC,0.0
2020-04-15,SWID,24.717432
2020-04-15,NSCC,500.0
2020-04-16,RCC,0.0
2020-04-16,ASCC,0.0
2020-04-16,NSID,33.0
2020-04-16,IID,0.0
2020-04-16,PID,0.0
2020-04-16,SID,0.0
2020-04-16,SRVID,42.4
2020-04-16,FFIC,12.0
2020-04-16,ECC,0.0
2020-04-16,FMID,87.0
2020-04-16,GFCC,300.0
2020-04-16,BWCC,0.0
2020-04-16,AFRD2,0.0
2020-04-16,TFCC,0.0
2020-04-16,SWID,24.717432
2020-04-16,NSCC,500.0
2020-04-17,RCC,0.0
2020-04-17,ASCC,0.0
2020-04-17,NSID,33.22409881522562
2020-04-17,IID,0.0
2020-04-17,PID,0.0
2020-04-17,SID,0.0
2020-04-17,SRVID,42.4
2020-04-17,FFIC,12.0
2020-04-17,ECC,0.0
2020-04-17,FMID,87.0
2020-04-17,GFCC,300.0
2020-04-17,BWCC,0.0
2020-04-17,AFRD2,470.0
2020-04-17,TFCC,0.0
2020-04-17,SWID,24.717432
2020-04-17,NSCC,542.0
2020-04-18,RCC,0.0
2020-04-18,ASCC,0.0
2020-04-18,NSID,33.22409881522562
2020-04-18,IID,0.0
2020-04-18,PID,0.0
2020-04-18,SID,0.0
2020-04-18,SRVID,42.4
2020-04-18,FFIC,12.0
2020-04-18,ECC,0.0
2020-04-18,FMID,87.0
2020-04-18,GFCC,300.0
2020-04-18,BWCC,0.0
2020-04-18,AFRD2,470.0
2020-04-18,TFCC,0.0
2020-04-18,SWID,24.717432
2020-04-18,NSCC,542.0
2020-04-19,RCC,0.0
2020-04-19,ASCC,0.0
2020-04-19,NSID,33.22409881522562
2020-04-19,IID,0.0
2020-04-19,PID,0.0
2020-04-19,SID,0.0
2020-04-19,SRVID,42.4
2020-04-19,FFIC,12.0
2020-04-19,ECC,0.0
2020-04-19,FMID,87.0
2020-04-19,GFCC,300.0
2020-04-19,BWCC,0.0
2020-04-19,AFRD2,470.0
2020-04-19,TFCC,0.0
2020-04-19,SWID,24.717432
2020-04-19,NSCC,542.0
2020-04-20,RCC,0.0
2020-04-20,ASCC,0.0
2020-04-20,NSID,33.22409881522562
2020-04-20,IID,0.0
2020-04-20,PID,0.0
2020-04-20,SID,0.0
2020-04-20,SRVID,42.4
2020-04-20,FFIC,12.0
2020-04-20,ECC,0.0
2020-04-20,FMID,87.0
2020-04-20,GFCC,300.0
2020-04-20,BWCC,0.0
2020-04-20,AFRD2,470.0
2020-04-20,TFCC,0.0
2020-04-20,SWID,24.717432
2020-04-20,NSCC,542.0
2020-04-21,RCC,0.0
2020-04-21,ASCC,0.0
2020-04-21,NSID,33.22409881522562
2020-04-21,IID,0.0
2020-04-21,PID,0.0
2020-04-21,SID,0.0
2020-04-21,SRVID,42.4
2020-04-21,FFIC,12.0
2020-04-21,ECC,0.0
2020-04-21,FMID,87.0
2020-04-21,GFCC,300.0
2020-04-21,BWCC,0.0
2020-04-21,AFRD2,470.0
2020-04-21,TFCC,0.0
2020-04-21,SWID,24.717432
2020-04-21,NSCC,542.0
2020-04-22,RCC,0.0
2020-04-22,ASCC,0.0
2020-04-22,NSID,33.22409881522562
2020-04-22,IID,0.0
2020-04-22,PID,0.0
2020-04-22,SID,0.0
2020-04-22,SRVID,42.4
2020-04-22,FFIC,12.0
2020-04-22,ECC,0.0
2020-04-22,FMID,87.0
2020-04-22,GFCC,0.0
2020-04-22,BWCC,0.0
2020-04-22,AFRD2,470.0
2020-04-22,TFCC,0.0
2020-04-22,SWID,24.717432
2020-04-22,NSCC,542.0
2020-04-23,RCC,0.0
2020-04-23,ASCC,0.0
2020-04-23,NSID,33.22409881522562
2020-04-23,IID,0.0
2020-04-23,PID,0.0
2020-04-23,SID,0.0
2020-04-23,SRVID,0.0
2020-04-23,FFIC,12.0
2020-04-23,ECC,0.0
2020-04-23,FMID,87.0
2020-04-23,GFCC,0.0
2020-04-23,BWCC,0.0
2020-04-23,AFRD2,470.0
2020-04-23,TFCC,0.0
2020-04-23,SWID,24.717432
2020-04-23,NSCC,542.0
2020-04-24,RCC,0.0
2020-04-24,ASCC,0.0
2020-04-24,NSID,33.22409881522562
2020-04-24,IID,0.0
2020-04-24,PID,0.0
2020-04-24,SID,0.0
2020-04-24,SRVID,0.0
2020-04-24,FFIC,12.0
2020-04-24,ECC,0.0
2020-04-24,FMID,87.0
2020-04-24,GFCC,0.0
2020-04-24,BWCC,0.0
2020-04-24,AFRD2,470.0
2020-04-24,TFCC,0.0
2020-04-24,SWID,24.717432
2020-04-24,NSCC,542.0
2020-04-25,RCC,0.0
2020-04-25,ASCC,0.0
2020-04-25,NSID,33.22409881522562
2020-04-25,IID,0.0
2020-04-25,PID,0.0
2020-04-25,SID,0.0
2020-04-25,SRVID,0.0
2020-04-25,FFIC,12.0
2020-04-25,ECC,0.0
2020-04-25,FMID,87.0
2020-04-25,GFCC,0.0
2020-04-25,BWCC,0.0
2020-04-25,AFRD2,470.0
2020-04-25,TFCC,0.0
2020-04-25,SWID,24.717432
2020-04-25,NSCC,542.0
2020-04-26,RCC,0.0
2020-04-26,ASCC,0.0
2020-04-26,NSID,33.22409881522562
2020-04-26,IID,0.0
2020-04-26,PID,0.0
2020-04-26,SID,0.0
2020-04-26,SRVID,0.0
2020-04-26,FFIC,12.0
2020-04-26,ECC,0.0
2020-04-26,FMID,87.0
2020-04-26,GFCC,0.0
2020-04-26,BWCC,0.0
2020-04-26,AFRD2,470.0
2020-04-26,TFCC,0.0
2020-04-26,SWID,24.717432
2020-04-26,NSCC,542.0
2020-04-27,RCC,0.0
2020-04-27,ASCC,0.0
2020-04-27,NSID,0.0
2020-04-27,IID,0.0
2020-04-27,PID,0.0
2020-04-27,SID,0.0
2020-04-27,SRVID,0.0
2020-04-27,FFIC,0.0
2020-04-27,ECC,0.0
2020-04-27,FMID,0.0
2020-04-27,GFCC,0.0
2020-04-27,BWCC,0.0
2020-04-27,AFRD2,0.0
2020-04-27,TFCC,0.0
2020-04-27,SWID,0.0
2020-04-27,NSCC,0.0
2020-04-28,RCC,0.0
2020-04-28,ASCC,0.0
2020-04-28,NSID,0.0
2020-04-28,IID,0.0
2020-04-28,PID,0.0
2020-04-28,SID,0.0
2020-04-28,SRVID,0.0
2020-04-28,FFIC,0.0
2020-04-28,ECC,0.0
2020-04-28,FMID,0.0
2020-04-28,GFCC,0.0
2020-04-28,BWCC,0.0
2020-04-28,AFRD2,0.0
2020-04-28,TFCC,0.0
2020-04-28,SWID,0.0
2020-04-28,NSCC,0.0
2020-04-29,RCC,0.0
2020-04-29,ASCC,0.0
2020-04-29,NSID,0.0
2020-04-29,IID,0.0
2020-04-29,PID,0.0
2020-04-29,SID,0.0
2020-04-29,SRVID,0.0
2020-04-29,FFIC,0.0
2020-04-29,ECC,0.0
2020-04-29,FMID,0.0
2020-04-29,GFCC,0.0
2020-04-29,BWCC,0.0
2020-04-29,AFRD2,0.0
2020-04-29,TFCC,0.0
2020-04-29,SWID,0.0
2020-04-29,NSCC,0.0
2020-04-30,RCC,0.0
2020-04-30,ASCC,0.0
2020-04-30,NSID,0.0
2020-04-30,IID,0.0
2020-04-30,PID,0.0
2020-04-30,SID,0.0
2020-04-30,SRVID,0.0
2020-04-30,FFIC,0.0
2020-04-30,ECC,0.0
2020-04-30,FMID,0.0
2020-04-30,GFCC,0.0
2020-04-30,BWCC,0.0
2020-04-30,AFRD2,0.0
2020-04-30,TFCC,0.0
2020-04-30,SWID,0.0
2020-04-30,NSCC,0.0
2020-05-01,RCC,0.0
2020-05-01,ASCC,0.0
2020-05-01,NSID,0.0
2020-05-01,IID,0.0
2020-05-01,PID,0.0
2020-05-01,SID,0.0
2020-05-01,SRVID,0.0
2020-05-01,FFIC,0.0
2020-05-01,ECC,0.0
2020-05-01,FMID,0.0
2020-05-01,GFCC,0.0
2020-05-01,BWCC,0.0
2020-05-01,AFRD2,0.0
2020-05-01,TFCC,0.0
2020-05-01,SWID,0.0
2020-05-01,NSCC,0.0
2020-05-02,RCC,0.0
2020-05-02,ASCC,0.0
2020-05-02,NSID,0.0
2020-05-02,IID,0.0
2020-05-02,PID,0.0
2020-05-02,SID,0.0
2020-05-02,SRVID,0.0
2020-05-02,FFIC,0.0
2020-05-02,ECC,0.0
2020-05-02,FMID,0.0
2020-05-02,GFCC,0.0
2020-05-02,BWCC,0.0
2020-05-02,AFRD2,0.0
2020-05-02,TFCC,0.0
2020-05-02,SWID,0.0
2020-05-02,NSCC,0.0
2020-05-03,RCC,0.0
2020-05-03,ASCC,0.0
2020-05-03,NSID,0.0
2020-05-03,IID,0.0
2020-05-03,PID,0.0
2020-05-03,SID,0.0
2020-05-03,SRVID,0.0
2020-05-03,FFIC,0.0
2020-05-03,ECC,0.0
2020-05-03,FMID,0.0
2020-05-03,GFCC,0.0
2020-05-03,BWCC,0.0
2020-05-03,AFRD2,0.0
2020-05-03,TFCC,0.0
2020-05-03,SWID,0.0
2020-05-03,NSCC,0.0
2020-05-04,RCC,0.0
2020-05-04,ASCC,0.0
2020-05-04,NSID,0.0
2020-05-04,IID,0.0
2020-05-04,PID,0.0
2020-05-04,SID,0.0
2020-05-04,SRVID,0.0
2020-05-04,FFIC,0.0
2020-05-04,ECC,0.0
2020-05-04,FMID,0.0
2020-05-04,GFCC,0.0
2020-05-04,BWCC,0.0
2020-05-04,AFRD2,0.0
2020-05-04,TFCC,0.0
2020-05-04,SWID,0.0
2020-05-04,NSCC,0.0
2020-05-05,RCC,0.0
2020-05-05,ASCC,0.0
2020-05-05,NSID,0.0
2020-05-05,IID,0.0
2020-05-05,PID,0.0
2020-05-05,SID,0.0
2020-05-05,SRVID,0.0
2020-05-05,FFIC,0.0
2020-05-05,ECC,0.0
2020-05-05,FMID,0.0
2020-05-05,GFCC,0.0
2020-05-05,BWCC,0.0
2020-05-05,AFRD2,0.0
2020-05-05,TFCC,0.0
2020-05-05,SWID,0.0
2020-05-05,NSCC,0.0
2020-05-06,RCC,0.0
2020-05-06,ASCC,0.0
2020-05-06,NSID,0.0
2020-05-06,IID,0.0
2020-05-06,PID,0.0
2020-05-06,SID,0.0
2020-05-06,SRVID,0.0
2020-05-06,FFIC,0.0
2020-05-06,ECC,0.0
2020-05-06,FMID,0.0
2020-05-06,GFCC,0.0
2020-05-06,BWCC,0.0
2020-05-06,AFRD2,0.0
2020-05-06,TFCC,0.0
2020-05-06,SWID,0.0
2020-05-06,NSCC,0.0
2020-05-07,RCC,0.0
2020-05-07,ASCC,0.0
2020-05-07,NSID,0.0
2020-05-07,IID,0.0
2020-05-07,PID,0.0
2020-05-07,SID,0.0
2020-05-07,SRVID,0.0
2020-05-07,FFIC,0.0
2020-05-07,ECC,0.0
2020-05-07,FMID,0.0
2020-05-07,GFCC,0.0
2020-05-07,BWCC,0.0
2020-05-07,AFRD2,0.0
2020-05-07,TFCC,0.0
2020-05-07,SWID,0.0
2020-05-07,NSCC,0.0
2020-05-08,RCC,0.0
2020-05-08,ASCC,0.0
2020-05-08,NSID,0.0
2020-05-08,IID,0.0
2020-05-08,PID,0.0
2020-05-08,SID,0.0
2020-05-08,SRVID,0.0
2020-05-08,FFIC,0.0
2020-05-08,ECC,0.0
2020-05-08,FMID,0.0
2020-05-08,GFCC,0.0
2020-05-08,BWCC,0.0
2020-05-08,AFRD2,0.0
2020-05-08,TFCC,0.0
2020-05-08,SWID,0.0
2020-05-08,NSCC,0.0
2020-05-09,RCC,0.0
2020-05-09,ASCC,0.0
2020-05-09,NSID,0.0
2020-05-09,IID,0.0
2020-05-09,PID,0.0
2020-05-09,SID,0.0
2020-05-09,SRVID,0.0
2020-05-09,FFIC,0.0
2020-05-09,ECC,0.0
2020-05-09,FMID,0.0
2020-05-09,GFCC,0.0
2020-05-09,BWCC,0.0
2020-05-09,AFRD2,0.0
2020-05-09,TFCC,0.0
2020-05-09,SWID,0.0
2020-05-09,NSCC,0.0
2020-05-10,RCC,0.0
2020-05-10,ASCC,0.0
2020-05-10,NSID,0.0
2020-05-10,IID,0.0
2020-05-10,PID,0.0
2020-05-10,SID,0.0
2020-05-10,SRVID,0.0
2020-05-10,FFIC,0.0
2020-05-10,ECC,0.0
2020-05-10,FMID,0.0
2020-05-10,GFCC,0.0
2020-05-10,BWCC,0.0
2020-05-10,AFRD2,0.0
2020-05-10,TFCC,0.0
2020-05-10,SWID,0.0
2020-05-10,NSCC,0.0
2020-05-11,RCC,0.0
2020-05-11,ASCC,0.0
2020-05-11,NSID,0.0
2020-05-11,IID,0.0
2020-05-11,PID,0.0
2020-05-11,SID,0.0
2020-05-11,SRVID,0.0
2020-05-11,FFIC,0.0
2020-05-11,ECC,0.0
2020-05-11,FMID,0.0
2020-05-11,GFCC,0.0
2020-05-11,BWCC,0.0
2020-05-11,AFRD2,0.0
2020-05-11,TFCC,0.0
2020-05-11,SWID,0.0
2020-05-11,NSCC,0.0
2020-05-12,RCC,0.0
2020-05-12,ASCC,0.0
2020-05-12,NSID,0.0
2020-05-12,IID,0.0
2020-05-12,PID,0.0
2020-05-12,SID,0.0
2020-05-12,SRVID,0.0
2020-05-12,FFIC,0.0
2020-05-12,ECC,0.0
2020-05-12,FMID,0.0
2020-05-12,GFCC,0.0
2020-05-12,BWCC,0.0
2020-05-12,AFRD2,0.0
2020-05-12,TFCC,0.0
2020-05-12,SWID,0.0
2020-05-12,NSCC,0.0
2020-05-13,RCC,0.0
2020-05-13,ASCC,0.0
2020-05-13,NSID,0.0
2020-05-13,IID,0.0
2020-05-13,PID,0.0
2020-05-13,SID,0.0
2020-05-13,SRVID,0.0
2020-05-13,FFIC,0.0
2020-05-13,ECC,0.0
2020-05-13,FMID,0.0
2020-05-13,GFCC,0.0
2020-05-13,BWCC,0.0
2020-05-13,AFRD2,0.0
2020-05-13,TFCC,0.0
2020-05-13,SWID,0.0
2020-05-13,NSCC,0.0
2020-05-14,RCC,0.0
2020-05-14,ASCC,0.0
2020-05-14,NSID,0.0
2020-05-14,IID,0.0
2020-05-14,PID,0.0
2020-05-14,SID,0.0
2020-05-14,SRVID,0.0
2020-05-14,FFIC,0.0
2020-05-14,ECC,0.0
2020-05-14,FMID,0.0
2020-05-14,GFCC,0.0
2020-05-14,BWCC,0.0
2020-05-14,AFRD2,0.0
2020-05-14,TFCC,0.0
2020-05-14,SWID,0.0
2020-05-14,NSCC,0.0
2020-05-15,RCC,0.0
2020-05-15,ASCC,0.0
2020-05-15,NSID,0.0
2020-05-15,IID,0.0
2020-05-15,PID,0.0
2020-05-15,SID,0.0
2020-05-15,SRVID,0.0
2020-05-15,FFIC,0.0
2020-05-15,ECC,0.0
2020-05-15,FMID,0.0
2020-05-15,GFCC,0.0
2020-05-15,BWCC,0.0
2020-05-15,AFRD2,0.0
2020-05-15,TFCC,0.0
2020-05-15,SWID,0.0
2020-05-15,NSCC,0.0
2020-05-16,RCC,0.0
2020-05-16,ASCC,0.0
2020-05-16,NSID,0.0
2020-05-16,IID,0.0
2020-05-16,PID,0.0
2020-05-16,SID,0.0
2020-05-16,SRVID,0.0
2020-05-16,FFIC,0.0
2020-05-16,ECC,0.0
2020-05-16,FMID,0.0
2020-05-16,GFCC,0.0
2020-05-16,BWCC,0.0
2020-05-16,AFRD2,0.0
2020-05-16,TFCC,0.0
2020-05-16,SWID,0.0
2020-05-16,NSCC,0.0
2020-05-17,RCC,0.0
2020-05-17,ASCC,0.0
2020-05-17,NSID,0.0
2020-05-17,IID,0.0
2020-05-17,PID,0.0
2020-05-17,SID,0.0
2020-05-17,SRVID,0.0
2020-05-17,FFIC,0.0
2020-05-17,ECC,0.0
2020-05-17,FMID,0.0
2020-05-17,GFCC,0.0
2020-05-17,BWCC,0.0
2020-05-17,AFRD2,0.0
2020-05-17,TFCC,0.0
2020-05-17,SWID,0.0
2020-05-17,NSCC,0.0
2020-05-18,RCC,0.0
2020-05-18,ASCC,0.0
2020-05-18,NSID,0.0
2020-05-18,IID,0.0
2020-05-18,PID,0.0
2020-05-18,SID,0.0
2020-05-18,SRVID,0.0
2020-05-18,FFIC,0.0
2020-05-18,ECC,0.0
2020-05-18,FMID,0.0
2020-05-18,GFCC,0.0
2020-05-18,BWCC,0.0
2020-05-18,AFRD2,0.0
2020-05-18,TFCC,0.0
2020-05-18,SWID,0.0
2020-05-18,NSCC,0.0
2020-05-19,RCC,0.0
2020-05-19,ASCC,0.0
2020-05-19,NSID,0.0
2020-05-19,IID,0.0
2020-05-19,PID,0.0
2020-05-19,SID,0.0
2020-05-19,SRVID,0.0
2020-05-19,FFIC,0.0
2020-05-19,ECC,0.0
2020-05-19,FMID,0.0
2020-05-19,GFCC,0.0
2020-05-19,BWCC,0.0
2020-05-19,AFRD2,0.0
2020-05-19,TFCC,0.0
2020-05-19,SWID,0.0
2020-05-19,NSCC,0.0
2020-05-20,RCC,0.0
2020-05-20,ASCC,0.0
2020-05-20,NSID,0.0
2020-05-20,IID,0.0
2020-05-20,PID,0.0
2020-05-20,SID,0.0
2020-05-20,SRVID,0.0
2020-05-20,FFIC,0.0
2020-05-20,ECC,0.0
2020-05-20,FMID,0.0
2020-05-20,GFCC,0.0
2020-05-20,BWCC,0.0
2020-05-20,AFRD2,0.0
2020-05-20,TFCC,0.0
2020-05-20,SWID,0.0
2020-05-20,NSCC,0.0
2020-05-21,RCC,0.0
2020-05-21,ASCC,0.0
2020-05-21,NSID,0.0
2020-05-21,IID,0.0
2020-05-21,PID,0.0
2020-05-21,SID,0.0
2020-05-21,SRVID,0.0
2020-05-21,FFIC,0.0
2020-05-21,ECC,0.0
2020-05-21,FMID,0.0
2020-05-21,GFCC,0.0
2020-05-21,BWCC,0.0
2020-05-21,AFRD2,0.0
2020-05-21,TFCC,0.0
2020-05-21,SWID,0.0
2020-05-21,NSCC,0.0
2020-05-22,RCC,0.0
2020-05-22,ASCC,0.0
2020-05-22,NSID,0.0
2020-05-22,IID,0.0
2020-05-22,PID,0.0
2020-05-22,SID,0.0
2020-05-22,SRVID,0.0
2020-05-22,FFIC,0.0
2020-05-22,ECC,0.0
2020-05-22,FMID,0.0
2020-05-22,GFCC,0.0
2020-05-22,BWCC,0.0
2020-05-22,AFRD2,0.0
2020-05-22,TFCC,0.0
2020-05-22,SWID,0.0
2020-05-22,NSCC,0.0
2020-05-23,RCC,0.0
2020-05-23,ASCC,0.0
2020-05-23,NSID,0.0
2020-05-23,IID,0.0
2020-05-23,PID,0.0
2020-05-23,SID,0.0
2020-05-23,SRVID,0.0
2020-05-23,FFIC,0.0
2020-05-23,ECC,0.0
2020-05-23,FMID,0.0
2020-05-23,GFCC,0.0
2020-05-23,BWCC,0.0
2020-05-23,AFRD2,0.0
2020-05-23,TFCC,0.0
2020-05-23,SWID,0.0
2020-05-23,NSCC,0.0
2020-05-24,RCC,0.0
2020-05-24,ASCC,0.0
2020-05-24,NSID,0.0
2020-05-24,IID,0.0
2020-05-24,PID,0.0
2020-05-24,SID,0.0
2020-05-24,SRVID,0.0
2020-05-24,FFIC,0.0
2020-05-24,ECC,0.0
2020-05-24,FMID,0.0
2020-05-24,GFCC,0.0
2020-05-24,BWCC,0.0
2020-05-24,AFRD2,0.0
2020-05-24,TFCC,0.0
2020-05-24,SWID,0.0
2020-05-24,NSCC,0.0
2020-05-25,RCC,0.0
2020-05-25,ASCC,0.0
2020-05-25,NSID,0.0
2020-05-25,IID,0.0
2020-05-25,PID,0.0
2020-05-25,SID,0.0
2020-05-25,SRVID,0.0
2020-05-25,FFIC,0.0
2020-05-25,ECC,0.0
2020-05-25,FMID,0.0
2020-05-25,GFCC,0.0
2020-05-25,BWCC,0.0
2020-05-25,AFRD2,0.0
2020-05-25,TFCC,0.0
2020-05-25,SWID,0.0
2020-05-25,NSCC,0.0
2020-05-26,RCC,0.0
2020-05-26,ASCC,0.0
2020-05-26,NSID,0.0
2020-05-26,IID,0.0
2020-05-26,PID,0.0
2020-05-26,SID,0.0
2020-05-26,SRVID,0.0
2020-05-26,FFIC,0.0
2020-05-26,ECC,0.0
2020-05-26,FMID,0.0
2020-05-26,GFCC,0.0
2020-05-26,BWCC,0.0
2020-05-26,AFRD2,0.0
2020-05-26,TFCC,0.0
2020-05-26,SWID,0.0
2020-05-26,NSCC,0.0
2020-05-27,RCC,0.0
2020-05-27,ASCC,0.0
2020-05-27,NSID,0.0
2020-05-27,IID,0.0
2020-05-27,PID,0.0
2020-05-27,SID,0.0
2020-05-27,SRVID,0.0
2020-05-27,FFIC,0.0
2020-05-27,ECC,0.0
2020-05-27,FMID,0.0
2020-05-27,GFCC,0.0
2020-05-27,BWCC,0.0
2020-05-27,AFRD2,0.0
2020-05-27,TFCC,0.0
2020-05-27,SWID,0.0
2020-05-27,NSCC,0.0
2020-05-28,RCC,0.0
2020-05-28,ASCC,0.0
2020-05-28,NSID,0.0
2020-05-28,IID,0.0
2020-05-28,PID,0.0
2020-05-28,SID,0.0
2020-05-28,SRVID,0.0
2020-05-28,FFIC,0.0
2020-05-28,ECC,0.0
2020-05-28,FMID,0.0
2020-05-28,GFCC,0.0
2020-05-28,BWCC,0.0
2020-05-28,AFRD2,0.0
2020-05-28,TFCC,0.0
2020-05-28,SWID,0.0
2020-05-28,NSCC,0.0
2020-05-29,RCC,0.0
2020-05-29,ASCC,0.0
2020-05-29,NSID,0.0
2020-05-29,IID,0.0
2020-05-29,PID,0.0
2020-05-29,SID,0.0
2020-05-29,SRVID,0.0
2020-05-29,FFIC,0.0
2020-05-29,ECC,0.0
2020-05-29,FMID,0.0
2020-05-29,GFCC,0.0
2020-05-29,BWCC,0.0
2020-05-29,AFRD2,0.0
2020-05-29,TFCC,0.0
2020-05-29,SWID,0.0
2020-05-29,NSCC,0.0
2020-05-30,RCC,0.0
2020-05-30,ASCC,0.0
2020-05-30,NSID,0.0
2020-05-30,IID,0.0
2020-05-30,PID,0.0
2020-05-30,SID,0.0
2020-05-30,SRVID,0.0
2020-05-30,FFIC,0.0
2020-05-30,ECC,0.0
2020-05-30,FMID,0.0
2020-05-30,GFCC,0.0
2020-05-30,BWCC,0.0
2020-05-30,AFRD2,0.0
2020-05-30,TFCC,0.0
2020-05-30,SWID,0.0
2020-05-30,NSCC,0.0
2020-05-31,RCC,0.0
2020-05-31,ASCC,0.0
2020-05-31,NSID,0.0
2020-05-31,IID,0.0
2020-05-31,PID,0.0
2020-05-31,SID,0.0
2020-05-31,SRVID,0.0
2020-05-31,FFIC,0.0
2020-05-31,ECC,0.0
2020-05-31,FMID,0.0
2020-05-31,GFCC,0.0
2020-05-31,BWCC,0.0
2020-05-31,AFRD2,0.0
2020-05-31,TFCC,0.0
2020-05-31,SWID,0.0
2020-05-31,NSCC,0.0
2020-06-01,RCC,0.0
2020-06-01,ASCC,0.0
2020-06-01,NSID,0.0
2020-06-01,IID,0.0
2020-06-01,PID,0.0
2020-06-01,SID,0.0
2020-06-01,SRVID,0.0
2020-06-01,FFIC,0.0
2020-06-01,ECC,0.0
2020-06-01,FMID,0.0
2020-06-01,GFCC,0.0
2020-06-01,BWCC,0.0
2020-06-01,AFRD2,0.0
2020-06-01,TFCC,0.0
2020-06-01,SWID,0.0
2020-06-01,NSCC,0.0
2020-06-02,RCC,0.0
2020-06-02,ASCC,0.0
2020-06-02,NSID,0.0
2020-06-02,IID,0.0
2020-06-02,PID,0.0
2020-06-02,SID,0.0
2020-06-02,SRVID,0.0
2020-06-02,FFIC,0.0
2020-06-02,ECC,0.0
2020-06-02,FMID,0.0
2020-06-02,GFCC,0.0
2020-06-02,BWCC,0.0
2020-06-02,AFRD2,0.0
2020-06-02,TFCC,0.0
2020-06-02,SWID,0.0
2020-06-02,NSCC,0.0
2020-06-03,RCC,0.0
2020-06-03,ASCC,0.0
2020-06-03,NSID,0.0
2020-06-03,IID,0.0
2020-06-03,PID,0.0
2020-06-03,SID,0.0
2020-06-03,SRVID,0.0
2020-06-03,FFIC,0.0
2020-06-03,ECC,0.0
2020-06-03,FMID,0.0
2020-06-03,GFCC,0.0
2020-06-03,BWCC,0.0
2020-06-03,AFRD2,0.0
2020-06-03,TFCC,0.0
2020-06-03,SWID,0.0
2020-06-03,NSCC,0.0
2020-06-04,RCC,0.0
2020-06-04,ASCC,0.0
2020-06-04,NSID,0.0
2020-06-04,IID,0.0
2020-06-04,PID,0.0
2020-06-04,SID,0.0
2020-06-04,SRVID,0.0
2020-06-04,FFIC,0.0
2020-06-04,ECC,0.0
2020-06-04,FMID,0.0
2020-06-04,GFCC,0.0
2020-06-04,BWCC,0.0
2020-06-04,AFRD2,0.0
2020-06-04,TFCC,0.0
2020-06-04,SWID,0.0
2020-06-04,NSCC,0.0
2020-06-05,RCC,0.0
2020-06-05,ASCC,0.0
2020-06-05,NSID,0.0
2020-06-05,IID,0.0
2020-06-05,PID,0.0
2020-06-05,SID,0.0
2020-06-05,SRVID,0.0
2020-06-05,FFIC,0.0
2020-06-05,ECC,0.0
2020-06-05,FMID,0.0
2020-06-05,GFCC,0.0
2020-06-05,BWCC,0.0
2020-06-05,AFRD2,0.0
2020-06-05,TFCC,0.0
2020-06-05,SWID,0.0
2020-06-05,NSCC,0.0
2020-06-06,RCC,0.0
2020-06-06,ASCC,0.0
2020-06-06,NSID,0.0
2020-06-06,IID,0.0
2020-06-06,PID,0.0
2020-06-06,SID,0.0
2020-06-06,SRVID,0.0
2020-06-06,FFIC,0.0
2020-06-06,ECC,0.0
2020-06-06,FMID,0.0
2020-06-06,GFCC,0.0
2020-06-06,BWCC,0.0
2020-06-06,AFRD2,0.0
2020-06-06,TFCC,0.0
2020-06-06,SWID,0.0
2020-06-06,NSCC,0.0
2020-06-07,RCC,0.0
2020-06-07,ASCC,0.0
2020-06-07,NSID,0.0
2020-06-07,IID,0.0
2020-06-07,PID,0.0
2020-06-07,SID,0.0
2020-06-07,SRVID,0.0
2020-06-07,FFIC,0.0
2020-06-07,ECC,0.0
2020-06-07,FMID,0.0
2020-06-07,GFCC,0.0
2020-06-07,BWCC,0.0
2020-06-07,AFRD2,0.0
2020-06-07,TFCC,0.0
2020-06-07,SWID,0.0
2020-06-07,NSCC,0.0
2020-06-08,RCC,0.0
2020-06-08,ASCC,0.0
2020-06-08,NSID,0.0
2020-06-08,IID,0.0
2020-06-08,PID,0.0
2020-06-08,SID,0.0
2020-06-08,SRVID,0.0
2020-06-08,FFIC,0.0
2020-06-08,ECC,0.0
2020-06-08,FMID,0.0
2020-06-08,GFCC,0.0
2020-06-08,BWCC,0.0
2020-06-08,AFRD2,0.0
2020-06-08,TFCC,0.0
2020-06-08,SWID,0.0
2020-06-08,NSCC,0.0
2020-06-09,RCC,0.0
2020-06-09,ASCC,0.0
2020-06-09,NSID,0.0
2020-06-09,IID,0.0
2020-06-09,PID,0.0
2020-06-09,SID,0.0
2020-06-09,SRVID,0.0
2020-06-09,FFIC,0.0
2020-06-09,ECC,0.0
2020-06-09,FMID,0.0
2020-06-09,GFCC,0.0
2020-06-09,BWCC,0.0
2020-06-09,AFRD2,0.0
2020-06-09,TFCC,0.0
2020-06-09,SWID,0.0
2020-06-09,NSCC,0.0
2020-06-10,RCC,0.0
2020-06-10,ASCC,0.0
2020-06-10,NSID,0.0
2020-06-10,IID,0.0
2020-06-10,PID,0.0
2020-06-10,SID,0.0
2020-06-10,SRVID,0.0
2020-06-10,FFIC,0.0
2020-06-10,ECC,0.0
2020-06-10,FMID,0.0
2020-06-10,GFCC,0.0
2020-06-10,BWCC,0.0
2020-06-10,AFRD2,0.0
2020-06-10,TFCC,0.0
2020-06-10,SWID,0.0
2020-06-10,NSCC,0.0
2020-06-11,RCC,0.0
2020-06-11,ASCC,0.0
2020-06-11,NSID,0.0
2020-06-11,IID,0.0
2020-06-11,PID,0.0
2020-06-11,SID,0.0
2020-06-11,SRVID,0.0
2020-06-11,FFIC,0.0
2020-06-11,ECC,0.0
2020-06-11,FMID,0.0
2020-06-11,GFCC,0.0
2020-06-11,BWCC,0.0
2020-06-11,AFRD2,0.0
2020-06-11,TFCC,0.0
2020-06-11,SWID,0.0
2020-06-11,NSCC,0.0
2020-06-12,RCC,0.0
2020-06-12,ASCC,0.0
2020-06-12,NSID,0.0
2020-06-12,IID,0.0
2020-06-12,PID,0.0
2020-06-12,SID,0.0
2020-06-12,SRVID,0.0
2020-06-12,FFIC,0.0
2020-06-12,ECC,0.0
2020-06-12,FMID,0.0
2020-06-12,GFCC,0.0
2020-06-12,BWCC,0.0
2020-06-12,AFRD2,0.0
2020-06-12,TFCC,0.0
2020-06-12,SWID,0.0
2020-06-12,NSCC,0.0
2020-06-13,RCC,0.0
2020-06-13,ASCC,0.0
2020-06-13,NSID,0.0
2020-06-13,IID,0.0
2020-06-13,PID,0.0
2020-06-13,SID,0.0
2020-06-13,SRVID,0.0
2020-06-13,FFIC,0.0
2020-06-13,ECC,0.0
2020-06-13,FMID,0.0
2020-06-13,GFCC,0.0
2020-06-13,BWCC,0.0
2020-06-13,AFRD2,0.0
2020-06-13,TFCC,0.0
2020-06-13,SWID,0.0
2020-06-13,NSCC,0.0
2020-06-14,RCC,0.0
2020-06-14,ASCC,0.0
2020-06-14,NSID,0.0
2020-06-14,IID,0.0
2020-06-14,PID,0.0
2020-06-14,SID,0.0
2020-06-14,SRVID,0.0
2020-06-14,FFIC,0.0
2020-06-14,ECC,0.0
2020-06-14,FMID,0.0
2020-06-14,GFCC,0.0
2020-06-14,BWCC,0.0
2020-06-14,AFRD2,0.0
2020-06-14,TFCC,0.0
2020-06-14,SWID,0.0
2020-06-14,NSCC,0.0
2020-06-15,RCC,0.0
2020-06-15,ASCC,0.0
2020-06-15,NSID,0.0
2020-06-15,IID,0.0
2020-06-15,PID,0.0
2020-06-15,SID,0.0
2020-06-15,SRVID,0.0
2020-06-15,FFIC,0.0
2020-06-15,ECC,0.0
2020-06-15,FMID,0.0
2020-06-15,GFCC,0.0
2020-06-15,BWCC,0.0
2020-06-15,AFRD2,0.0
2020-06-15,TFCC,0.0
2020-06-15,SWID,0.0
2020-06-15,NSCC,0.0
2020-06-16,RCC,0.0
2020-06-16,ASCC,0.0
2020-06-16,NSID,0.0
2020-06-16,IID,0.0
2020-06-16,PID,0.0
2020-06-16,SID,0.0
2020-06-16,SRVID,0.0
2020-06-16,FFIC,0.0
2020-06-16,ECC,0.0
2020-06-16,FMID,0.0
2020-06-16,GFCC,0.0
2020-06-16,BWCC,0.0
2020-06-16,AFRD2,0.0
2020-06-16,TFCC,0.0
2020-06-16,SWID,0.0
2020-06-16,NSCC,0.0
2020-06-17,RCC,0.0
2020-06-17,ASCC,0.0
2020-06-17,NSID,0.0
2020-06-17,IID,0.0
2020-06-17,PID,0.0
2020-06-17,SID,0.0
2020-06-17,SRVID,0.0
2020-06-17,FFIC,0.0
2020-06-17,ECC,0.0
2020-06-17,FMID,0.0
2020-06-17,GFCC,0.0
2020-06-17,BWCC,0.0
2020-06-17,AFRD2,0.0
2020-06-17,TFCC,0.0
2020-06-17,SWID,0.0
2020-06-17,NSCC,0.0
2020-06-18,RCC,0.0
2020-06-18,ASCC,0.0
2020-06-18,NSID,0.0
2020-06-18,IID,0.0
2020-06-18,PID,0.0
2020-06-18,SID,0.0
2020-06-18,SRVID,0.0
2020-06-18,FFIC,0.0
2020-06-18,ECC,0.0
2020-06-18,FMID,0.0
2020-06-18,GFCC,0.0
2020-06-18,BWCC,0.0
2020-06-18,AFRD2,0.0
2020-06-18,TFCC,0.0
2020-06-18,SWID,0.0
2020-06-18,NSCC,0.0
2020-06-19,RCC,0.0
2020-06-19,ASCC,0.0
2020-06-19,NSID,0.0
2020-06-19,IID,0.0
2020-06-19,PID,0.0
2020-06-19,SID,0.0
2020-06-19,SRVID,0.0
2020-06-19,FFIC,0.0
2020-06-19,ECC,0.0
2020-06-19,FMID,0.0
2020-06-19,GFCC,0.0
2020-06-19,BWCC,0.0
2020-06-19,AFRD2,0.0
2020-06-19,TFCC,0.0
2020-06-19,SWID,0.0
2020-06-19,NSCC,0.0
2020-06-20,RCC,0.0
2020-06-20,ASCC,0.0
2020-06-20,NSID,0.0
2020-06-20,IID,0.0
2020-06-20,PID,0.0
2020-06-20,SID,0.0
2020-06-20,SRVID,0.0
2020-06-20,FFIC,0.0
2020-06-20,ECC,0.0
2020-06-20,FMID,0.0
2020-06-20,GFCC,0.0
2020-06-20,BWCC,0.0
2020-06-20,AFRD2,0.0
2020-06-20,TFCC,0.0
2020-06-20,SWID,0.0
2020-06-20,NSCC,0.0
2020-06-21,RCC,0.0
2020-06-21,ASCC,0.0
2020-06-21,NSID,0.0
2020-06-21,IID,0.0
2020-06-21,PID,0.0
2020-06-21,SID,0.0
2020-06-21,SRVID,0.0
2020-06-21,FFIC,0.0
2020-06-21,ECC,0.0
2020-06-21,FMID,0.0
2020-06-21,GFCC,0.0
2020-06-21,BWCC,0.0
2020-06-21,AFRD2,0.0
2020-06-21,TFCC,0.0
2020-06-21,SWID,0.0
2020-06-21,NSCC,0.0
2020-06-22,RCC,0.0
2020-06-22,ASCC,0.0
2020-06-22,NSID,0.0
2020-06-22,IID,0.0
2020-06-22,PID,0.0
2020-06-22,SID,0.0
2020-06-22,SRVID,0.0
2020-06-22,FFIC,0.0
2020-06-22,ECC,0.0
2020-06-22,FMID,0.0
2020-06-22,GFCC,0.0
2020-06-22,BWCC,0.0
2020-06-22,AFRD2,0.0
2020-06-22,TFCC,0.0
2020-06-22,SWID,0.0
2020-06-22,NSCC,0.0
2020-06-23,RCC,0.0
2020-06-23,ASCC,0.0
2020-06-23,NSID,0.0
2020-06-23,IID,0.0
2020-06-23,PID,0.0
2020-06-23,SID,0.0
2020-06-23,SRVID,0.0
2020-06-23,FFIC,0.0
2020-06-23,ECC,0.0
2020-06-23,FMID,0.0
2020-06-23,GFCC,0.0
2020-06-23,BWCC,0.0
2020-06-23,AFRD2,0.0
2020-06-23,TFCC,0.0
2020-06-23,SWID,0.0
2020-06-23,NSCC,0.0
2020-06-24,RCC,0.0
2020-06-24,ASCC,0.0
2020-06-24,NSID,0.0
2020-06-24,IID,0.0
2020-06-24,PID,0.0
2020-06-24,SID,0.0
2020-06-24,SRVID,0.0
2020-06-24,FFIC,0.0
2020-06-24,ECC,0.0
2020-06-24,FMID,0.0
2020-06-24,GFCC,0.0
2020-06-24,BWCC,0.0
2020-06-24,AFRD2,0.0
2020-06-24,TFCC,0.0
2020-06-24,SWID,0.0
2020-06-24,NSCC,0.0
2020-06-25,RCC,0.0
2020-06-25,ASCC,0.0
2020-06-25,NSID,0.0
2020-06-25,IID,0.0
2020-06-25,PID,0.0
2020-06-25,SID,0.0
2020-06-25,SRVID,0.0
2020-06-25,FFIC,0.0
2020-06-25,ECC,0.0
2020-06-25,FMID,0.0
2020-06-25,GFCC,0.0
2020-06-25,BWCC,0.0
2020-06-25,AFRD2,0.0
2020-06-25,TFCC,0.0
2020-06-25,SWID,0.0
2020-06-25,NSCC,0.0
2020-06-26,RCC,0.0
2020-06-26,ASCC,0.0
2020-06-26,NSID,0.0
2020-06-26,IID,0.0
2020-06-26,PID,0.0
2020-06-26,SID,0.0
2020-06-26,SRVID,0.0
2020-06-26,FFIC,0.0
2020-06-26,ECC,0.0
2020-06-26,FMID,0.0
2020-06-26,GFCC,0.0
2020-06-26,BWCC,0.0
2020-06-26,AFRD2,0.0
2020-06-26,TFCC,0.0
2020-06-26,SWID,0.0
2020-06-26,NSCC,0.0
2020-06-27,RCC,0.0
2020-06-27,ASCC,0.0
2020-06-27,NSID,0.0
2020-06-27,IID,0.0
2020-06-27,PID,0.0
2020-06-27,SID,0.0
2020-06-27,SRVID,0.0
2020-06-27,FFIC,0.0
2020-06-27,ECC,0.0
2020-06-27,FMID,0.0
2020-06-27,GFCC,0.0
2020-06-27,BWCC,0.0
2020-06-27,AFRD2,0.0
2020-06-27,TFCC,0.0
2020-06-27,SWID,0.0
2020-06-27,NSCC,0.0
